Dimension 1,Dimension 2,Dimension 3,Dimension 4,Dimension 5,Dimension 6,Dimension 7,Dimension 8,ID,LabNo,Total
5,0,2,2,2,1,2,1,2019-algebra-RR06-0171,1,15
5,2,0,0,1,0,3,2,2019-algebra-RR06-0459,1,13
5,4,4,4,2,5,2,-1,2018-algebra-RR03-0032,2,26
5,0,0,0,0,0,0,0,2019-algebra-RR06-0199,1,5
4,3,3,3,3,4,5,3,2018-algebra-RR06-0142,1,28
5,2,2,2,1,0,2,3,2019-calculus-RR06-1050,1,17
4,1,0,0,3,0,5,1,2019-calculus-RR06-0936,1,14
5,3,3,3,2,3,3,-1,2019-calculus-RR03-0744,2,22
5,2,2,2,1,5,0,-1,2019-algebra-RR03-0456,2,17
5,5,5,5,5,4,1,-1,2019-algebra-RR03-0085,2,30
3,4,2,4,4,2,3,-1,2019-calculus-RR03-0774,2,22
3,3,2,1,1,0,2,5,2019-algebra-RR06-0296,1,17
5,2,2,2,4,5,2,-1,2019-calculus-RR03-0663,2,22
5,3,3,3,2,3,3,-1,2019-calculus-RR03-0749,2,22
5,5,5,5,4,5,2,-1,2018-algebra-RR03-0454,2,31
2,3,1,1,1,0,2,3,2019-calculus-RR06-0965,1,13
4,4,2,2,3,0,5,3,2019-calculus-RR06-0570,1,23
4,2,2,2,1,0,1,3,2019-algebra-RR06-0085,1,15
5,2,2,3,1,3,0,-1,2019-algebra-RR03-0158,2,16
3,4,4,4,5,0,4,4,2018-algebra-RR06-0325,1,28
0,2,2,2,2,4,0,-1,2019-calculus-RR03-0623,2,12
3,0,1,1,0,0,3,3,2019-calculus-RR06-0676,1,11
5,3,1,1,3,2,4,3,2019-calculus-RR06-0850,1,22
5,2,3,1,1,3,3,-1,2019-calculus-RR03-0890,2,18
2,2,2,2,1,0,0,-1,2018-algebra-RR03-0381,2,9
2,2,4,2,2,4,3,-1,2019-algebra-RR03-0321,2,19
5,2,3,0,0,4,0,-1,2019-calculus-RR03-0497,2,14
3,2,2,2,0,1,3,-1,2019-calculus-RR03-0701,2,13
5,2,2,2,1,3,1,-1,2019-calculus-RR03-1008,2,16
4,2,1,1,3,0,2,0,2018-algebra-RR06-0234,1,13
5,5,5,5,2,3,4,-1,2019-calculus-RR03-0655,2,29
3,3,2,2,2,2,4,4,2018-calculus-RR06-0668,1,22
3,2,1,2,3,0,3,1,2019-calculus-RR06-1039,1,15
5,2,2,2,2,4,2,-1,2018-algebra-RR03-0350,2,19
5,2,2,2,0,0,4,2,2019-calculus-RR06-0997,1,17
5,3,1,1,1,4,3,3,2019-calculus-RR06-0963,1,21
5,5,4,4,3,0,3,3,2019-algebra-RR06-0281,1,27
4,3,2,2,2,2,3,4,2018-algebra-RR06-0036,1,22
5,4,4,4,4,2,3,-1,2018-algebra-RR03-0463,2,26
4,2,2,2,3,5,3,-1,2019-calculus-RR03-0867,2,21
5,5,5,5,1,3,0,-1,2018-algebra-RR03-0225,2,24
3,4,4,4,3,5,5,-1,2018-calculus-RR03-0923,2,28
5,4,4,4,4,5,2,-1,2019-calculus-RR03-0886,2,28
3,4,4,4,2,1,0,0,2018-algebra-RR06-0190,1,18
5,2,2,2,3,5,2,-1,2018-algebra-RR03-0072,2,21
4,4,4,4,4,4,2,-1,2018-algebra-RR03-0438,2,26
5,4,4,4,2,0,0,-1,2018-algebra-RR03-0203,2,19
2,3,3,3,2,2,0,0,2019-algebra-RR06-0009,1,15
5,2,2,2,4,3,2,-1,2018-algebra-RR03-0023,2,20
4,1,2,4,1,4,1,-1,2018-algebra-RR03-0005,2,17
3,5,3,2,0,2,0,-1,2019-algebra-RR03-0123,2,15
3,4,4,4,1,4,4,-1,2019-algebra-RR03-0208,2,24
5,5,5,5,1,3,4,-1,2018-algebra-RR03-0192,2,28
3,2,2,1,1,0,3,4,2019-calculus-RR06-1043,1,16
3,1,1,1,0,0,4,4,2019-calculus-RR06-1178,1,14
4,3,1,1,2,1,4,4,2018-algebra-RR06-0415,1,20
5,4,4,4,3,5,0,-1,2018-calculus-RR03-0925,2,25
3,1,1,1,1,3,3,-1,2019-calculus-RR03-0946,2,13
4,3,1,1,1,0,0,0,2019-calculus-RR06-0816,1,10
4,4,3,3,2,3,3,3,2019-calculus-RR06-1088,1,25
4,5,5,4,4,5,3,-1,2019-calculus-RR03-0538,2,30
3,1,1,1,2,0,0,3,2019-calculus-RR06-0891,1,11
3,2,2,2,0,0,1,3,2019-calculus-RR06-1055,1,13
5,4,4,4,3,5,3,-1,2018-algebra-RR03-0096,2,28
4,2,2,2,2,0,5,1,2019-algebra-RR06-0274,1,18
3,4,4,4,3,2,2,-1,2019-calculus-RR03-1066,2,22
3,1,0,0,1,0,2,1,2019-calculus-RR06-0932,1,8
4,2,2,2,2,0,5,2,2018-algebra-RR06-0276,1,19
1,1,0,0,1,0,1,3,2019-algebra-RR06-0467,1,7
4,5,2,2,2,2,3,3,2019-calculus-RR06-1092,1,23
5,5,5,3,4,5,3,-1,2019-calculus-RR03-0679,2,30
3,2,2,2,2,0,0,-1,2019-calculus-RR03-0789,2,11
5,1,0,0,1,0,2,3,2019-algebra-RR06-0254,1,12
5,2,2,2,1,5,0,-1,2019-calculus-RR03-0975,2,17
5,4,2,2,3,1,4,3,2018-algebra-RR06-0334,1,24
0,3,3,3,1,1,3,1,2019-calculus-RR06-0814,1,15
3,0,2,0,2,0,4,3,2019-algebra-RR06-0302,1,14
3,5,3,3,4,4,0,0,2019-calculus-RR06-0678,1,22
5,3,3,3,3,3,3,-1,2019-algebra-RR03-0219,2,23
5,3,2,2,2,2,3,3,2018-algebra-RR06-0441,1,22
0,1,0,0,0,0,0,0,2019-algebra-RR06-0456,1,1
3,2,2,2,2,4,0,-1,2019-algebra-RR03-0269,2,15
5,3,2,2,2,0,5,1,2018-algebra-RR06-0104,1,20
5,4,4,4,4,5,2,-1,2018-algebra-RR03-0471,2,28
5,1,3,3,4,0,3,5,2019-calculus-RR06-1014,1,24
5,4,4,4,4,5,2,-1,2019-calculus-RR03-0557,2,28
4,4,2,4,2,2,3,-1,2019-calculus-RR03-0796,2,21
5,3,2,3,2,5,3,-1,2019-calculus-RR03-0877,2,23
3,3,3,1,2,0,3,0,2019-calculus-RR06-1177,1,15
4,3,3,3,4,1,2,0,2018-calculus-RR06-0732,1,20
3,4,4,4,3,2,4,-1,2019-calculus-RR03-0821,2,24
3,4,4,4,4,4,0,-1,2018-calculus-RR03-0824,2,23
3,2,2,2,1,3,2,-1,2019-calculus-RR03-0944,2,15
2,5,5,5,2,4,3,-1,2019-calculus-RR03-0754,2,26
5,4,4,4,2,5,3,-1,2018-calculus-RR03-0686,2,27
5,3,3,3,2,4,0,-1,2019-calculus-RR03-0510,2,20
5,4,4,4,4,5,4,-1,2018-algebra-RR03-0440,2,30
4,4,4,4,5,4,4,3,2018-calculus-RR06-0861,1,32
5,4,4,4,2,3,0,-1,2019-calculus-RR03-0558,2,22
5,5,5,5,0,2,2,-1,2019-calculus-RR03-0630,2,24
2,3,0,0,3,0,3,4,2019-calculus-RR06-1007,1,15
5,4,4,4,4,4,2,-1,2019-calculus-RR03-0799,2,27
4,5,5,5,3,5,4,-1,2019-calculus-RR03-0539,2,31
3,2,2,3,3,1,2,4,2019-calculus-RR06-1137,1,20
3,5,5,5,1,5,3,-1,2019-calculus-RR03-0907,2,27
2,3,5,3,1,0,0,-1,2019-algebra-RR03-0476,2,14
5,4,4,4,1,3,2,-1,2019-algebra-RR03-0240,2,23
0,0,0,0,0,0,0,-1,2019-calculus-RR03-0938,2,0
5,2,2,2,1,3,0,-1,2018-algebra-RR03-0396,2,15
3,2,2,1,1,3,3,-1,2019-algebra-RR03-0148,2,15
5,2,4,0,3,0,5,4,2019-algebra-RR06-0187,1,23
4,2,2,2,1,2,2,1,2019-calculus-RR06-0709,1,16
3,4,3,3,3,2,1,2,2018-calculus-RR06-0687,1,21
5,3,5,5,1,1,0,-1,2019-algebra-RR03-0318,2,20
3,2,2,1,3,4,0,-1,2018-algebra-RR03-0412,2,15
3,4,3,2,2,3,3,0,2019-algebra-RR06-0222,1,20
2,2,2,1,1,0,1,-1,2019-calculus-RR03-0735,2,9
5,4,4,4,0,2,0,-1,2019-calculus-RR03-0847,2,19
4,1,1,1,1,1,2,0,2019-calculus-RR06-0959,1,11
3,2,2,2,1,3,2,-1,2019-calculus-RR03-0563,2,15
2,2,2,2,1,1,1,0,2018-algebra-RR06-0486,1,11
5,4,3,4,0,3,2,-1,2019-calculus-RR03-0911,2,21
4,1,0,0,0,0,3,4,2019-calculus-RR06-0914,1,12
3,2,4,4,3,2,2,2,2019-calculus-RR06-0559,1,22
3,1,2,2,1,0,0,0,2018-calculus-RR06-0815,1,9
3,4,1,1,1,0,4,0,2019-calculus-RR06-0497,1,14
4,3,3,5,1,3,2,-1,2019-calculus-RR03-0876,2,21
5,0,2,0,2,2,0,-1,2018-algebra-RR03-0310,2,11
3,4,4,4,2,3,2,-1,2018-calculus-RR03-0888,2,22
5,4,4,4,1,5,3,-1,2018-calculus-RR03-0602,2,26
0,4,1,1,4,0,3,3,2019-calculus-RR06-0735,1,16
5,2,4,4,1,4,4,-1,2018-algebra-RR03-0100,2,24
3,0,2,1,3,0,3,3,2019-calculus-RR06-0511,1,15
3,2,2,2,2,3,3,-1,2018-algebra-RR03-0309,2,17
4,2,0,0,0,0,2,1,2019-calculus-RR06-0612,1,9
0,3,3,3,3,2,3,0,2018-algebra-RR06-0049,1,17
3,1,0,0,0,0,2,1,2019-calculus-RR06-1149,1,7
5,2,2,4,0,3,3,-1,2019-calculus-RR03-0669,2,19
3,3,3,3,2,0,5,0,2019-calculus-RR06-0609,1,19
5,1,3,2,3,3,1,4,2019-calculus-RR06-0682,1,22
2,3,3,3,2,5,0,-1,2018-calculus-RR03-0732,2,18
3,3,0,0,2,0,2,1,2018-calculus-RR06-0719,1,11
3,0,1,0,0,0,1,0,2019-algebra-RR06-0048,1,5
5,4,4,2,5,5,3,-1,2018-algebra-RR03-0304,2,28
5,3,5,5,1,5,2,-1,2018-algebra-RR03-0408,2,26
5,3,2,2,5,2,3,4,2019-calculus-RR06-0663,1,26
3,0,0,0,0,0,2,0,2019-calculus-RR06-0501,1,5
3,0,2,2,1,1,3,1,2019-calculus-RR06-0520,1,13
2,2,1,0,4,0,1,4,2019-calculus-RR06-0622,1,14
5,2,2,2,4,1,2,-1,2019-algebra-RR03-0241,2,18
2,4,4,2,1,3,5,-1,2019-algebra-RR03-0233,2,21
3,5,4,4,4,1,5,3,2018-calculus-RR06-0889,1,29
3,2,2,2,2,5,3,-1,2019-algebra-RR03-0262,2,19
3,0,2,0,1,4,0,-1,2019-algebra-RR03-0319,2,10
4,4,2,1,3,1,3,2,2019-calculus-RR06-1151,1,20
2,2,2,2,3,1,5,4,2019-calculus-RR06-0532,1,21
3,3,3,4,3,2,2,3,2018-algebra-RR06-0072,1,23
4,2,1,1,2,0,3,1,2019-calculus-RR06-0820,1,14
5,3,3,3,2,5,3,-1,2019-calculus-RR03-0552,2,24
5,4,4,4,2,5,1,-1,2019-calculus-RR03-1006,2,25
4,3,1,1,2,1,4,2,2018-algebra-RR06-0337,1,18
5,4,5,5,3,2,0,0,2018-algebra-RR06-0406,1,24
4,2,1,1,2,0,2,0,2019-algebra-RR06-0185,1,12
5,4,4,4,3,4,0,-1,2019-calculus-RR03-0892,2,24
5,2,2,2,1,2,3,-1,2019-calculus-RR03-1047,2,17
5,3,2,3,2,0,5,1,2018-algebra-RR06-0468,1,21
3,4,0,0,4,3,3,4,2018-calculus-RR06-1153,1,21
5,4,4,4,1,5,3,-1,2018-algebra-RR03-0106,2,26
3,5,5,5,2,2,4,-1,2019-calculus-RR03-0960,2,26
3,1,2,2,1,0,4,1,2019-calculus-RR06-0989,1,14
5,5,5,5,1,4,3,-1,2019-calculus-RR03-1059,2,28
0,4,4,4,1,5,3,-1,2018-algebra-RR03-0392,2,21
3,1,2,2,1,0,3,0,2019-algebra-RR06-0118,1,12
5,4,4,4,1,3,0,-1,2019-calculus-RR03-0509,2,21
3,2,2,2,2,2,2,4,2019-calculus-RR06-1139,1,19
5,2,2,2,1,2,3,-1,2019-algebra-RR03-0205,2,17
2,2,2,2,1,0,1,3,2019-calculus-RR06-1154,1,13
5,3,3,3,1,2,0,-1,2018-algebra-RR03-0239,2,17
4,5,5,5,2,2,2,-1,2019-calculus-RR03-0814,2,25
3,4,4,2,2,2,2,-1,2019-calculus-RR03-0758,2,19
5,4,4,4,2,4,2,-1,2019-calculus-RR03-0628,2,25
4,3,4,0,2,1,3,4,2019-calculus-RR06-0660,1,21
3,2,2,2,0,2,0,-1,2018-calculus-RR03-0913,2,11
2,1,2,2,2,1,2,4,2019-algebra-RR06-0110,1,16
0,2,1,1,1,0,3,3,2018-algebra-RR06-0442,1,11
4,3,2,2,4,1,2,3,2019-calculus-RR06-1097,1,21
3,0,3,2,3,0,4,3,2018-algebra-RR06-0322,1,18
3,2,2,2,1,5,0,-1,2018-algebra-RR03-0488,2,15
5,4,4,4,1,3,0,-1,2018-calculus-RR03-0646,2,21
4,2,2,2,1,3,2,-1,2018-algebra-RR03-0316,2,16
0,4,4,4,1,4,0,-1,2018-algebra-RR03-0049,2,17
5,3,5,5,1,5,3,-1,2019-calculus-RR03-0966,2,27
5,2,2,1,1,4,1,-1,2019-algebra-RR03-0417,2,16
5,2,2,2,1,3,0,-1,2019-calculus-RR03-0785,2,15
5,4,4,4,4,3,0,-1,2019-calculus-RR03-0880,2,24
5,2,2,4,3,3,2,-1,2019-algebra-RR03-0171,2,21
5,3,3,3,2,2,1,-1,2019-calculus-RR03-0501,2,19
5,4,4,4,5,5,2,-1,2019-calculus-RR03-0939,2,29
3,2,2,2,3,4,2,-1,2019-calculus-RR03-0566,2,18
5,2,2,2,1,3,4,-1,2018-calculus-RR03-0514,2,19
5,2,2,2,2,3,3,-1,2018-algebra-RR03-0221,2,19
4,1,2,2,1,1,5,3,2019-calculus-RR06-0920,1,19
4,2,2,1,1,1,4,-1,2019-algebra-RR03-0120,2,15
2,0,1,1,1,0,2,3,2019-calculus-RR06-0693,1,10
5,3,3,3,0,2,0,-1,2018-algebra-RR03-0169,2,16
4,3,1,1,1,1,1,1,2018-algebra-RR06-0378,1,13
4,4,1,2,2,1,0,5,2019-calculus-RR06-0825,1,19
0,1,1,1,2,0,4,0,2018-algebra-RR06-0184,1,9
0,1,2,1,3,0,2,0,2019-calculus-RR06-0517,1,9
4,3,1,1,1,1,4,1,2019-algebra-RR06-0238,1,16
5,3,3,2,1,0,3,5,2019-calculus-RR06-1031,1,22
2,1,2,2,1,0,4,1,2019-calculus-RR06-0608,1,13
4,4,2,2,5,3,3,1,2018-algebra-RR06-0345,1,24
5,3,4,4,3,2,3,3,2018-algebra-RR06-0358,1,27
4,1,2,3,2,1,3,0,2019-calculus-RR06-1163,1,16
3,5,4,4,4,0,5,4,2019-algebra-RR06-0107,1,29
5,5,5,5,3,4,0,-1,2018-algebra-RR03-0212,2,27
3,2,2,2,4,0,2,0,2018-algebra-RR06-0055,1,15
3,0,2,2,1,1,2,1,2019-calculus-RR06-0919,1,12
5,4,4,4,3,0,5,3,2019-calculus-RR06-0881,1,28
4,3,3,3,1,0,1,1,2019-calculus-RR06-0897,1,16
3,2,3,3,3,2,2,-1,2019-calculus-RR03-0560,2,18
5,5,5,5,4,5,5,-1,2019-calculus-RR03-0516,2,34
4,0,2,2,0,0,1,3,2019-calculus-RR06-0797,1,12
5,4,4,4,4,5,2,-1,2018-algebra-RR03-0196,2,28
3,2,2,2,1,2,3,-1,2018-algebra-RR03-0093,2,15
5,5,3,2,3,5,1,-1,2018-algebra-RR03-0292,2,24
5,2,2,2,1,5,3,-1,2019-calculus-RR03-0917,2,20
4,4,4,4,2,3,0,-1,2018-algebra-RR03-0352,2,21
5,5,3,3,4,3,3,1,2019-calculus-RR06-1172,1,27
5,1,2,2,3,1,4,1,2019-calculus-RR06-0727,1,19
3,2,0,0,1,0,3,3,2019-calculus-RR06-1182,1,12
3,2,3,2,3,3,3,-1,2019-calculus-RR03-0559,2,19
5,4,4,4,2,5,3,-1,2019-calculus-RR03-0594,2,27
5,2,2,2,2,5,2,-1,2018-algebra-RR03-0261,2,20
0,0,0,0,0,0,0,-1,2019-calculus-RR03-1013,2,0
3,4,4,4,4,4,3,3,2019-calculus-RR06-0515,1,29
0,1,1,0,0,0,2,2,2018-algebra-RR06-0284,1,6
5,4,2,4,3,4,0,-1,2019-calculus-RR03-0541,2,22
3,2,2,2,2,0,0,2,2018-algebra-RR06-0310,1,13
2,3,2,3,1,2,2,-1,2019-calculus-RR03-0498,2,15
5,4,4,4,1,2,2,-1,2019-calculus-RR03-0791,2,22
3,3,2,2,2,2,4,1,2019-algebra-RR06-0024,1,19
5,2,2,2,3,3,1,-1,2019-calculus-RR03-0549,2,18
4,2,2,2,5,5,4,-1,2019-calculus-RR03-0973,2,24
5,5,5,5,3,5,3,-1,2018-algebra-RR03-0453,2,31
3,3,3,3,2,4,0,-1,2019-calculus-RR03-0942,2,18
5,3,3,5,3,4,4,-1,2019-calculus-RR03-0708,2,27
3,1,1,2,0,0,2,4,2019-calculus-RR06-0538,1,13
5,4,4,4,3,3,2,-1,2019-calculus-RR03-0974,2,25
5,5,4,5,2,5,3,-1,2019-algebra-RR03-0108,2,29
4,2,4,2,2,4,2,-1,2018-algebra-RR03-0138,2,20
3,4,4,4,4,5,3,-1,2019-calculus-RR03-1027,2,27
5,4,4,4,2,3,2,-1,2019-calculus-RR03-0759,2,24
3,4,4,4,4,3,5,-1,2019-algebra-RR03-0187,2,27
5,5,5,5,5,4,5,3,2018-calculus-RR06-0949,1,37
5,3,3,3,1,2,3,-1,2019-algebra-RR03-0161,2,20
5,4,4,4,3,5,2,-1,2018-algebra-RR03-0414,2,27
3,1,2,2,2,1,4,3,2019-calculus-RR06-0759,1,18
3,3,1,1,4,0,5,5,2019-calculus-RR06-0659,1,22
3,0,0,0,1,2,2,-1,2019-algebra-RR03-0197,2,8
3,2,1,2,2,5,2,-1,2018-algebra-RR03-0370,2,17
3,1,2,2,0,0,0,3,2019-calculus-RR06-1030,1,11
5,1,2,2,2,3,1,-1,2019-calculus-RR03-1054,2,16
3,0,2,0,0,3,0,-1,2018-algebra-RR03-0490,2,8
4,3,3,3,2,5,4,-1,2019-calculus-RR03-0972,2,24
5,0,1,1,2,0,3,5,2019-calculus-RR06-0799,1,17
5,3,2,3,3,0,2,0,2018-algebra-RR06-0369,1,18
0,4,4,4,3,1,0,-1,2019-calculus-RR03-0928,2,16
0,2,2,2,3,3,2,-1,2018-calculus-RR03-1068,2,14
3,1,3,3,3,1,5,3,2019-calculus-RR06-1093,1,22
5,5,3,3,5,1,2,0,2019-calculus-RR06-1160,1,24
3,1,1,1,1,0,4,3,2019-calculus-RR06-1045,1,14
3,4,4,4,2,0,5,5,2018-algebra-RR06-0243,1,27
3,1,4,4,3,2,5,3,2018-algebra-RR06-0069,1,25
3,4,4,2,3,2,3,-1,2019-calculus-RR03-0707,2,21
3,1,2,2,3,2,5,5,2018-calculus-RR06-0950,1,23
5,4,4,4,2,5,2,-1,2019-calculus-RR03-0529,2,26
3,4,3,3,0,0,3,3,2019-calculus-RR06-0739,1,19
3,3,3,3,2,4,1,-1,2019-algebra-RR03-0011,2,19
3,0,2,2,2,0,0,3,2019-calculus-RR06-0587,1,12
3,1,0,0,0,0,2,0,2018-calculus-RR06-0598,1,6
3,0,1,1,1,1,3,3,2019-calculus-RR06-0769,1,13
3,4,4,4,2,5,4,-1,2019-algebra-RR03-0046,2,26
5,3,3,3,2,5,2,-1,2019-algebra-RR03-0211,2,23
4,1,1,1,4,0,4,1,2018-algebra-RR06-0080,1,16
5,5,3,5,3,4,5,-1,2019-algebra-RR03-0484,2,30
3,0,2,3,3,1,3,3,2019-calculus-RR06-1066,1,18
5,4,4,4,2,3,2,-1,2019-calculus-RR03-0835,2,24
3,3,1,1,1,0,1,0,2019-algebra-RR06-0476,1,10
5,5,3,3,5,5,4,4,2019-calculus-RR06-1016,1,34
3,2,2,2,3,5,3,-1,2018-algebra-RR03-0423,2,20
5,3,1,1,3,0,5,3,2018-algebra-RR06-0398,1,21
5,3,3,2,1,5,1,-1,2018-calculus-RR03-0505,2,20
5,2,2,1,1,3,0,-1,2019-calculus-RR03-0633,2,14
5,3,3,3,3,1,5,4,2018-algebra-RR06-0126,1,27
4,3,2,2,3,0,3,3,2018-algebra-RR06-0113,1,20
2,1,1,1,0,1,2,3,2019-calculus-RR06-0944,1,11
2,2,2,2,1,4,1,-1,2019-calculus-RR03-0757,2,14
5,5,4,4,3,3,5,4,2018-algebra-RR06-0339,1,33
2,3,0,0,1,0,1,0,2018-calculus-RR06-0872,1,7
3,2,2,2,3,4,0,-1,2018-algebra-RR03-0244,2,16
4,3,1,1,1,0,1,2,2019-calculus-RR06-0906,1,13
5,4,4,4,2,3,3,-1,2018-calculus-RR03-0689,2,25
5,3,2,3,1,3,2,-1,2019-calculus-RR03-1057,2,19
4,3,4,4,2,4,5,3,2018-calculus-RR06-0653,1,29
0,4,3,4,5,2,0,-1,2019-calculus-RR03-0606,2,18
3,0,1,1,0,0,1,3,2019-calculus-RR06-0800,1,9
2,2,2,2,1,5,3,-1,2018-algebra-RR03-0328,2,17
3,2,3,3,3,1,2,3,2018-algebra-RR06-0427,1,20
5,2,3,1,0,0,0,-1,2019-algebra-RR03-0095,2,11
4,2,1,1,0,0,3,1,2019-calculus-RR06-0544,1,12
3,0,0,0,0,0,2,1,2019-algebra-RR06-1133,1,6
5,3,2,2,2,0,4,4,2019-algebra-RR06-0451,1,22
5,5,5,5,2,3,2,-1,2019-calculus-RR03-0857,2,27
5,3,3,3,4,0,3,-1,2019-calculus-RR03-0805,2,21
5,4,4,2,2,5,3,-1,2019-calculus-RR03-0145,2,25
5,2,2,2,2,5,4,-1,2018-algebra-RR03-0248,2,22
3,1,1,1,2,0,1,3,2019-algebra-RR06-0043,1,12
5,4,5,5,3,2,4,-1,2019-calculus-RR03-0879,2,28
3,4,4,4,1,3,1,-1,2019-calculus-RR03-0551,2,20
5,5,5,5,1,5,2,-1,2019-calculus-RR03-0801,2,28
3,4,5,4,1,5,0,-1,2018-algebra-RR03-0201,2,22
5,2,2,1,1,3,3,-1,2019-algebra-RR03-0250,2,17
3,3,2,2,1,0,2,0,2019-algebra-RR06-0282,1,13
4,2,1,1,3,0,4,3,2018-algebra-RR06-0111,1,18
3,5,4,2,1,1,2,0,2018-calculus-RR06-0700,1,18
3,4,4,4,3,4,0,-1,2019-calculus-RR03-1028,2,22
3,4,4,4,4,2,5,2,2018-algebra-RR06-0117,1,28
1,4,1,1,2,0,3,0,2019-algebra-RR06-0418,1,12
3,2,2,2,1,4,3,-1,2019-calculus-RR03-0933,2,17
0,4,4,4,4,4,5,3,2018-algebra-RR06-1110,1,28
4,1,1,0,1,0,1,3,2019-calculus-RR06-1040,1,11
3,0,1,2,1,0,4,4,2019-algebra-RR06-0208,1,15
0,1,0,0,0,0,3,3,2019-calculus-RR06-0829,1,7
4,5,1,1,1,4,5,3,2018-algebra-RR06-0181,1,24
3,4,4,4,3,4,0,-1,2019-calculus-RR03-0621,2,22
0,4,4,4,4,3,0,-1,2018-calculus-RR03-0872,2,19
3,1,5,5,3,3,3,3,2018-calculus-RR06-0602,1,26
4,0,2,2,2,0,3,5,2019-calculus-RR06-0681,1,18
4,1,1,1,2,0,4,3,2018-algebra-RR06-0106,1,16
3,0,2,0,1,5,2,-1,2019-algebra-RR03-0272,2,13
3,4,4,4,4,0,4,4,2018-algebra-RR06-0489,1,27
4,4,2,2,2,0,2,1,2019-calculus-RR06-0542,1,17
3,2,3,2,3,2,2,-1,2019-calculus-RR03-0875,2,17
3,3,2,2,1,1,4,1,2018-calculus-RR06-0995,1,17
3,1,2,2,2,0,2,1,2019-calculus-RR06-0852,1,13
5,4,4,4,4,0,5,4,2018-algebra-RR06-0492,1,30
5,3,3,3,1,5,2,-1,2019-calculus-RR03-0647,2,22
0,2,1,0,2,0,1,0,2019-calculus-RR06-0968,1,6
3,4,4,4,3,4,2,-1,2018-algebra-RR03-0314,2,24
3,3,2,2,1,0,1,0,2019-calculus-RR06-0791,1,12
3,2,2,2,2,2,3,4,2019-algebra-RR06-0058,1,20
5,3,3,2,3,4,1,-1,2019-calculus-RR03-1046,2,21
1,1,3,3,3,2,3,1,2018-algebra-RR06-0299,1,17
1,0,3,0,5,3,0,-1,2019-algebra-RR03-0472,2,12
2,4,4,4,1,5,1,-1,2019-calculus-RR03-1088,2,21
3,2,2,2,2,4,2,-1,2018-algebra-RR03-0202,2,17
3,1,2,2,2,1,3,2,2019-algebra-RR06-0209,1,16
3,2,3,3,0,0,5,4,2019-algebra-RR06-0083,1,20
4,4,4,4,2,2,3,3,2018-algebra-RR06-0154,1,26
3,1,1,1,1,0,5,1,2019-calculus-RR06-0699,1,13
5,5,5,5,2,5,5,-1,2018-algebra-RR03-0121,2,32
3,4,4,0,4,2,4,-1,2019-calculus-RR03-0521,2,21
5,2,3,3,2,0,4,3,2019-calculus-RR06-1015,1,22
3,4,2,4,3,4,3,-1,2019-calculus-RR03-0720,2,23
3,2,2,1,1,1,2,-1,2019-algebra-RR03-0356,2,12
5,4,4,4,1,5,1,-1,2019-calculus-RR03-1078,2,24
3,2,2,2,3,5,3,-1,2018-calculus-RR03-0804,2,20
5,5,4,5,1,2,4,-1,2019-calculus-RR03-0783,2,26
3,1,2,2,1,0,3,3,2019-calculus-RR06-0869,1,15
3,1,1,1,2,0,5,3,2019-calculus-RR06-0566,1,16
3,3,0,0,4,2,1,0,2019-calculus-RR06-0669,1,13
5,1,2,1,1,3,3,-1,2019-algebra-RR03-0079,2,16
5,1,3,3,3,0,3,3,2019-calculus-RR06-0642,1,21
2,3,2,2,1,0,4,2,2019-calculus-RR06-1006,1,16
2,4,1,1,2,1,1,3,2019-calculus-RR06-0971,1,15
3,3,3,3,0,0,0,-1,2019-calculus-RR03-0932,2,12
5,2,2,2,0,0,0,-1,2018-algebra-RR03-0479,2,11
5,5,5,5,3,5,4,-1,2019-calculus-RR03-1004,2,32
5,5,5,3,2,5,2,-1,2018-algebra-RR03-0492,2,27
3,0,1,1,0,0,3,0,2019-calculus-RR06-0720,1,8
3,4,2,4,3,3,0,-1,2019-calculus-RR03-0535,2,19
3,0,0,0,0,1,2,-1,2019-calculus-RR03-0517,2,6
5,2,2,2,3,3,2,-1,2019-calculus-RR03-1010,2,19
5,3,4,4,1,2,2,-1,2019-calculus-RR03-0833,2,21
5,5,5,5,2,4,4,-1,2019-calculus-RR03-0625,2,30
5,4,4,4,2,5,3,-1,2018-algebra-RR03-0339,2,27
5,5,5,5,5,2,1,-1,2019-calculus-RR03-0709,2,28
4,4,2,2,3,1,0,3,2018-algebra-RR06-0375,1,19
3,3,3,3,1,2,0,-1,2019-calculus-RR03-1073,2,15
2,5,5,5,1,4,3,-1,2018-algebra-RR03-0124,2,25
4,0,4,0,0,1,2,-1,2018-algebra-RR03-0008,2,11
3,4,2,2,2,1,5,3,2018-algebra-RR06-0100,1,22
4,3,2,2,1,2,1,1,2018-algebra-RR06-0231,1,16
5,5,5,5,1,4,3,-1,2019-algebra-RR03-0431,2,28
3,1,3,2,4,2,3,3,2018-algebra-RR06-0202,1,21
2,2,0,0,2,0,1,3,2019-calculus-RR06-0535,1,10
5,1,4,4,0,0,3,3,2019-calculus-RR06-0730,1,20
5,2,3,3,2,0,4,2,2019-calculus-RR06-0918,1,21
0,4,4,2,1,2,3,-1,2019-algebra-RR03-0141,2,16
4,1,0,0,2,1,0,0,2019-algebra-RR06-0150,1,8
5,2,0,2,1,5,4,-1,2018-calculus-RR03-0598,2,19
4,4,4,4,1,1,2,-1,2019-calculus-RR03-0649,2,20
5,5,5,5,1,0,0,-1,2019-calculus-RR03-0841,2,21
5,4,4,2,1,3,2,-1,2019-calculus-RR03-1036,2,21
5,4,4,4,4,2,3,-1,2018-algebra-RR03-0045,2,26
4,3,2,2,3,0,3,2,2018-algebra-RR06-0292,1,19
4,5,5,5,3,3,2,2,2019-calculus-RR06-1067,1,29
3,0,2,2,3,2,3,3,2018-calculus-RR06-0698,1,18
3,4,4,4,1,3,0,-1,2019-calculus-RR03-0954,2,19
5,2,2,2,2,0,4,3,2019-calculus-RR06-0960,1,20
4,0,2,3,0,0,3,0,2019-calculus-RR06-0683,1,12
3,3,1,1,3,0,5,5,2019-algebra-RR06-0194,1,21
1,3,5,5,3,0,3,3,2018-algebra-RR06-0371,1,23
3,1,3,3,0,0,4,3,2019-calculus-RR06-1070,1,17
5,5,5,5,2,2,0,-1,2018-algebra-RR03-0063,2,24
5,0,2,0,3,4,1,-1,2019-calculus-RR03-0891,2,15
3,0,2,1,2,0,0,-1,2019-calculus-RR03-0683,2,8
4,1,3,3,2,2,5,4,2018-algebra-RR06-0228,1,24
4,1,3,3,2,2,5,3,2018-algebra-RR06-0121,1,23
3,4,2,2,3,0,2,3,2018-algebra-RR06-0421,1,19
4,2,1,1,0,0,2,4,2018-algebra-RR06-0169,1,14
5,4,3,3,2,1,4,1,2018-algebra-RR06-0289,1,23
3,2,3,3,4,1,4,3,2019-algebra-RR06-0449,1,23
5,5,5,5,5,5,3,-1,2019-calculus-RR03-0895,2,33
1,3,3,3,4,3,4,4,2018-algebra-RR06-0090,1,25
0,1,1,1,2,1,2,3,2019-calculus-RR06-0984,1,11
3,2,2,2,1,3,0,-1,2019-calculus-RR03-0545,2,13
0,2,2,2,0,3,0,-1,2019-calculus-RR03-0697,2,9
4,4,2,4,3,4,0,-1,2018-algebra-RR03-0385,2,21
4,3,4,4,4,1,3,0,2019-calculus-RR06-0779,1,23
3,5,2,1,3,1,2,3,2019-calculus-RR06-0652,1,20
3,3,3,3,5,0,2,4,2019-algebra-RR06-0168,1,23
4,1,1,1,1,2,4,0,2018-algebra-RR06-0258,1,14
2,4,2,2,3,0,4,5,2019-calculus-RR06-1022,1,22
4,4,2,2,4,2,4,3,2018-algebra-RR06-0424,1,25
3,0,2,2,0,0,4,0,2019-calculus-RR06-1185,1,11
5,2,2,2,2,5,2,-1,2018-algebra-RR03-0088,2,20
4,2,3,3,3,3,5,3,2018-algebra-RR06-0229,1,26
5,2,1,1,0,3,0,-1,2019-calculus-RR03-0873,2,12
5,2,2,1,1,4,3,-1,2019-calculus-RR03-0727,2,18
5,3,5,5,2,3,3,-1,2019-calculus-RR03-0820,2,26
0,2,4,2,1,5,0,-1,2018-algebra-RR03-0295,2,14
4,5,2,2,4,4,4,3,2018-algebra-RR06-0463,1,28
4,4,4,4,3,4,3,4,2018-algebra-RR06-0073,1,30
4,2,2,3,5,2,5,2,2018-algebra-RR06-0382,1,25
3,1,1,1,1,0,4,1,2018-algebra-RR06-0479,1,12
5,1,1,1,1,0,4,4,2019-calculus-RR06-1025,1,17
2,1,0,0,3,0,0,4,2019-algebra-RR06-0216,1,10
5,3,1,1,2,0,1,3,2018-algebra-RR06-0443,1,16
4,4,4,4,1,4,4,-1,2019-calculus-RR03-0905,2,25
4,1,0,0,1,0,2,1,2019-calculus-RR06-0507,1,9
3,2,2,2,1,5,0,-1,2018-algebra-RR03-0320,2,15
5,2,2,2,2,2,1,-1,2019-calculus-RR03-1039,2,16
0,1,1,1,1,1,3,2,2019-calculus-RR06-1101,1,10
3,0,2,2,2,0,3,4,2019-calculus-RR06-0576,1,16
4,2,3,1,3,1,5,2,2019-calculus-RR06-1018,1,21
5,2,1,2,4,1,2,3,2019-algebra-RR06-0311,1,20
5,1,0,0,0,0,0,0,2019-algebra-RR06-1114,1,6
5,3,3,3,1,5,2,-1,2019-calculus-RR03-1005,2,22
5,2,1,1,2,2,4,0,2018-algebra-RR06-0340,1,17
5,4,3,3,3,0,3,0,2018-algebra-RR06-0067,1,21
5,5,5,5,1,4,3,-1,2019-algebra-RR03-0140,2,28
5,2,2,2,2,1,2,-1,2019-algebra-RR03-0209,2,16
4,3,3,3,2,4,5,-1,2019-calculus-RR03-0819,2,24
5,2,2,2,2,4,3,-1,2019-calculus-RR03-0899,2,20
3,2,2,2,2,2,3,-1,2019-algebra-RR03-0185,2,16
4,0,1,1,4,1,3,4,2019-calculus-RR06-0724,1,18
3,4,5,4,4,2,5,4,2018-algebra-RR06-0143,1,31
2,4,4,4,3,5,3,-1,2018-algebra-RR03-0395,2,25
1,1,0,0,2,0,4,2,2019-algebra-RR06-0493,1,10
5,0,1,1,0,0,5,2,2019-calculus-RR06-0585,1,14
3,3,3,3,1,3,2,-1,2019-calculus-RR03-0912,2,18
3,2,3,3,1,0,1,1,2019-calculus-RR06-0627,1,14
0,4,4,4,4,5,3,-1,2019-calculus-RR03-0755,2,24
0,0,0,0,0,0,0,-1,2019-calculus-RR03-0599,2,0
2,4,2,3,2,0,4,3,2019-calculus-RR06-0685,1,20
5,4,4,4,2,5,1,-1,2018-algebra-RR03-0382,2,25
5,5,3,5,2,1,2,-1,2019-algebra-RR03-0297,2,23
0,4,4,4,3,1,0,-1,2018-algebra-RR03-0270,2,16
0,4,4,4,2,1,0,-1,2018-algebra-RR03-0014,2,15
4,2,2,2,2,0,4,1,2019-algebra-RR06-0450,1,17
5,2,3,2,3,4,2,-1,2019-algebra-RR03-0018,2,21
5,5,5,4,2,4,1,-1,2019-calculus-RR03-0685,2,26
5,4,2,4,4,5,3,-1,2019-calculus-RR03-0648,2,27
5,2,2,2,2,5,2,-1,2018-algebra-RR03-0283,2,20
3,0,2,2,1,0,5,1,2019-calculus-RR06-0547,1,14
3,0,2,0,1,1,3,0,2019-calculus-RR06-0785,1,10
3,4,3,4,1,4,1,-1,2018-calculus-RR03-0773,2,20
4,4,3,3,4,0,2,0,2019-calculus-RR06-0840,1,20
3,0,2,0,2,1,0,-1,2019-algebra-RR03-0103,2,8
5,4,4,4,2,5,0,-1,2018-calculus-RR03-0546,2,24
5,2,1,1,2,0,2,0,2019-calculus-RR06-0834,1,13
5,3,3,3,1,3,2,-1,2019-calculus-RR03-1030,2,20
3,4,4,4,3,2,5,3,2019-calculus-RR06-0890,1,28
3,2,2,4,1,5,3,-1,2019-calculus-RR03-0607,2,20
4,4,3,3,3,0,4,2,2019-algebra-RR06-0411,1,23
3,1,1,1,3,3,4,2,2018-algebra-RR06-0422,1,18
3,4,1,0,4,2,3,3,2019-calculus-RR06-0554,1,20
3,1,1,1,0,3,0,-1,2018-algebra-RR03-0428,2,9
3,4,4,4,2,1,3,3,2018-algebra-RR06-0327,1,24
4,1,1,1,1,0,4,0,2019-algebra-RR06-0253,1,12
0,4,0,0,3,1,2,3,2019-calculus-RR06-0978,1,13
5,5,5,5,4,5,3,-1,2018-algebra-RR03-0136,2,32
3,2,2,2,2,5,1,-1,2019-calculus-RR03-0869,2,17
5,5,3,3,0,5,0,-1,2018-algebra-RR03-0496,2,21
4,2,2,4,0,4,0,-1,2018-calculus-RR03-0921,2,16
5,1,0,0,1,0,5,1,2019-algebra-RR06-0280,1,13
4,3,0,0,0,0,1,0,2019-calculus-RR06-1164,1,8
0,2,4,2,1,2,3,-1,2018-algebra-RR03-0227,2,14
5,2,2,2,2,5,2,-1,2018-algebra-RR03-0410,2,20
5,4,4,2,2,3,3,-1,2018-algebra-RR03-0403,2,23
5,5,5,5,1,5,2,-1,2018-algebra-RR03-0317,2,28
3,0,3,0,1,4,4,-1,2019-algebra-RR03-0128,2,15
5,4,4,4,2,0,2,4,2018-algebra-RR06-0490,1,25
5,3,3,3,3,5,2,-1,2019-calculus-RR03-0990,2,24
3,0,2,0,1,0,0,-1,2018-algebra-RR03-0068,2,6
4,3,3,3,2,3,2,-1,2019-calculus-RR03-0537,2,20
4,3,3,3,3,0,3,3,2019-calculus-RR06-0508,1,22
5,5,5,5,3,5,4,-1,2018-algebra-RR03-0157,2,32
5,2,2,1,1,2,0,-1,2019-algebra-RR03-0265,2,13
3,4,2,4,2,3,0,-1,2019-calculus-RR03-1099,2,18
3,4,1,1,3,0,4,3,2019-calculus-RR06-1098,1,19
3,1,2,1,2,0,4,1,2019-calculus-RR06-1062,1,14
5,2,2,2,2,5,3,-1,2018-algebra-RR03-0405,2,21
5,5,5,3,2,5,3,-1,2019-algebra-RR03-0467,2,28
5,4,2,2,3,5,2,-1,2019-calculus-RR03-0666,2,23
3,3,3,4,3,0,5,2,2019-calculus-RR06-0777,1,23
3,4,3,3,1,0,3,4,2018-algebra-RR06-0159,1,21
0,2,0,0,0,0,0,0,2019-algebra-RR06-1119,1,2
3,4,3,3,3,3,4,5,2019-algebra-RR06-0047,1,28
3,0,1,1,1,0,2,3,2019-calculus-RR06-1190,1,11
5,2,3,2,0,0,2,2,2019-calculus-RR06-0898,1,16
2,1,3,3,3,0,2,0,2019-calculus-RR06-0878,1,14
3,2,2,4,1,3,3,-1,2019-calculus-RR03-0694,2,18
0,2,2,1,1,3,1,-1,2019-algebra-RR03-0188,2,10
2,3,2,2,2,0,2,3,2019-calculus-RR06-0987,1,16
3,1,2,1,1,2,4,3,2019-calculus-RR06-0564,1,17
5,4,4,4,3,4,3,-1,2019-calculus-RR03-0969,2,27
2,2,2,2,3,1,5,1,2018-algebra-RR06-0314,1,18
3,4,4,4,1,4,0,-1,2019-calculus-RR03-1070,2,20
3,1,2,2,2,0,4,3,2019-calculus-RR06-1063,1,17
3,3,1,1,2,2,1,3,2018-algebra-RR06-0172,1,16
3,2,2,2,1,1,4,-1,2019-calculus-RR03-0671,2,15
0,3,2,2,3,0,3,0,2019-calculus-RR06-0988,1,13
3,2,2,2,1,5,3,-1,2019-calculus-RR03-0632,2,18
3,1,3,0,2,0,0,3,2019-calculus-RR06-0713,1,12
2,2,3,2,3,0,2,0,2019-calculus-RR06-1106,1,14
3,2,2,1,1,2,0,-1,2019-calculus-RR03-0903,2,11
3,4,4,4,4,5,2,-1,2019-calculus-RR03-0870,2,26
3,1,1,1,1,1,2,2,2018-algebra-RR06-0315,1,12
5,2,1,1,2,1,4,0,2018-algebra-RR06-0374,1,16
5,2,2,1,1,3,0,-1,2018-algebra-RR03-0037,2,14
5,0,2,2,3,1,4,4,2019-algebra-RR06-0163,1,21
3,1,2,2,2,0,3,1,2019-calculus-RR06-0619,1,14
5,4,4,4,2,3,4,-1,2018-algebra-RR03-0275,2,26
5,2,2,1,1,2,0,-1,2019-calculus-RR03-0961,2,13
5,2,2,2,3,2,5,3,2018-algebra-RR06-0287,1,24
4,4,1,1,2,1,3,0,2018-algebra-RR06-0295,1,16
4,4,4,4,3,4,1,-1,2018-algebra-RR03-0345,2,24
3,1,2,2,0,4,5,4,2018-algebra-RR06-0248,1,21
5,5,3,5,2,4,3,-1,2019-calculus-RR03-0561,2,27
5,4,4,4,3,5,2,-1,2019-calculus-RR03-0519,2,27
3,2,2,2,1,3,2,-1,2019-calculus-RR03-1071,2,15
5,3,3,3,2,5,0,-1,2018-algebra-RR03-0242,2,21
4,2,1,1,3,0,3,5,2019-calculus-RR06-0630,1,19
5,4,4,4,2,5,4,-1,2019-calculus-RR03-1041,2,28
5,2,2,2,1,3,5,0,2019-calculus-RR06-0644,1,20
5,5,5,5,4,3,4,-1,2018-algebra-RR03-0349,2,31
3,1,2,2,3,0,4,3,2018-algebra-RR06-0391,1,18
3,0,0,0,0,0,0,0,2019-calculus-RR06-0761,1,3
3,2,2,2,2,5,4,-1,2018-algebra-RR03-0365,2,20
3,1,0,0,2,0,1,0,2019-calculus-RR06-0885,1,7
3,2,3,3,2,0,4,1,2019-calculus-RR06-0900,1,18
3,0,2,2,1,1,4,1,2019-algebra-RR06-0082,1,14
3,2,2,2,3,3,4,-1,2019-algebra-RR03-0305,2,19
5,2,2,2,3,5,2,-1,2018-algebra-RR03-0030,2,21
5,4,4,4,1,2,2,-1,2019-calculus-RR03-0851,2,22
5,4,4,4,2,3,1,-1,2018-algebra-RR03-0491,2,23
0,4,4,1,3,3,0,-1,2018-algebra-RR03-0442,2,15
3,5,4,4,2,3,4,4,2018-algebra-RR06-0454,1,29
4,4,4,2,2,0,3,4,2018-algebra-RR06-0070,1,23
3,2,2,2,2,3,2,-1,2019-calculus-RR03-1063,2,16
3,2,4,2,1,4,4,-1,2019-calculus-RR03-1011,2,20
3,1,1,2,3,0,4,2,2018-algebra-RR06-0207,1,16
5,5,4,4,4,1,2,0,2018-algebra-RR06-0212,1,25
0,2,4,2,0,2,0,-1,2019-calculus-RR03-0931,2,10
3,2,2,2,1,5,1,-1,2018-algebra-RR03-0029,2,16
5,3,5,5,4,3,4,-1,2018-algebra-RR03-0230,2,29
2,0,2,2,2,0,1,3,2019-calculus-RR06-0756,1,12
3,2,4,4,2,0,2,4,2018-algebra-RR06-1111,1,21
3,2,1,1,2,0,2,3,2018-algebra-RR06-0308,1,14
3,4,4,2,3,5,3,-1,2018-algebra-RR03-0393,2,24
3,3,1,1,1,0,3,1,2019-calculus-RR06-0599,1,13
5,4,4,4,1,2,3,-1,2019-calculus-RR03-0718,2,23
3,3,3,3,3,0,2,0,2018-algebra-RR06-0040,1,17
3,5,3,3,3,0,4,3,2019-algebra-RR06-0086,1,24
5,2,2,2,2,3,0,-1,2018-algebra-RR03-0249,2,16
5,1,3,0,2,0,3,5,2019-algebra-RR06-0416,1,19
5,4,4,2,2,5,2,-1,2018-calculus-RR03-0949,2,24
5,2,2,3,1,3,3,-1,2019-calculus-RR03-1023,2,19
3,3,2,3,3,1,5,3,2019-calculus-RR06-0886,1,23
0,3,0,0,3,1,0,0,2018-algebra-RR06-0134,1,7
4,3,2,2,1,1,2,1,2019-algebra-RR06-0233,1,16
3,5,5,5,1,5,3,-1,2019-calculus-RR03-0837,2,27
3,2,2,2,2,0,4,1,2018-algebra-RR06-0388,1,16
3,2,0,0,2,0,3,1,2018-algebra-RR06-0482,1,11
5,2,2,2,4,1,3,-1,2019-algebra-RR03-0432,2,19
0,0,0,0,2,0,0,0,2019-algebra-RR06-0266,1,2
5,3,3,3,4,2,3,-1,2019-calculus-RR03-0970,2,23
3,2,0,0,2,0,3,0,2019-calculus-RR06-1033,1,10
5,2,2,2,1,4,0,-1,2018-algebra-RR03-0443,2,16
3,1,2,2,0,0,1,3,2019-calculus-RR06-0626,1,12
3,3,2,2,1,0,3,4,2019-calculus-RR06-0634,1,18
3,1,2,2,3,0,3,3,2019-calculus-RR06-1150,1,17
5,2,2,2,1,3,0,-1,2018-algebra-RR03-0485,2,15
5,5,5,5,5,3,2,-1,2018-algebra-RR03-0038,2,30
4,3,3,3,1,4,0,-1,2019-calculus-RR03-0567,2,18
3,1,2,0,2,0,1,0,2019-calculus-RR06-0584,1,9
3,2,2,4,0,0,0,-1,2019-calculus-RR03-0595,2,11
5,4,5,5,2,0,4,4,2018-algebra-RR06-0097,1,29
5,2,2,2,2,4,3,-1,2019-calculus-RR03-0943,2,20
5,2,2,2,1,4,0,-1,2019-calculus-RR03-0901,2,16
2,3,3,4,3,0,2,5,2019-calculus-RR06-0567,1,22
5,4,4,4,1,3,2,-1,2019-calculus-RR03-0989,2,23
4,2,4,4,1,4,0,-1,2018-algebra-RR03-0481,2,19
5,4,5,5,3,3,5,3,2018-algebra-RR06-0218,1,33
5,2,2,2,0,2,0,3,2018-algebra-RR06-0410,1,16
4,2,4,4,2,3,0,-1,2019-calculus-RR03-0856,2,19
5,2,2,2,0,4,2,-1,2018-algebra-RR03-0215,2,17
3,2,1,1,1,0,3,4,2019-calculus-RR06-0798,1,15
3,5,2,2,1,0,3,0,2019-calculus-RR06-1161,1,16
0,4,4,4,3,1,0,-1,2018-algebra-RR03-0374,2,16
3,3,3,3,1,2,2,-1,2019-calculus-RR03-1052,2,17
5,2,2,1,1,5,3,-1,2018-algebra-RR03-0117,2,19
5,4,4,4,4,5,2,-1,2019-calculus-RR03-0924,2,28
4,1,2,2,1,0,3,1,2019-calculus-RR06-1138,1,14
0,2,2,2,2,4,1,-1,2019-calculus-RR03-0955,2,13
5,3,4,5,3,3,5,1,2018-algebra-RR06-0224,1,29
4,3,0,0,1,0,5,1,2019-calculus-RR06-0620,1,14
5,2,2,2,1,2,4,-1,2019-algebra-RR03-0039,2,18
5,3,3,3,3,5,2,-1,2019-algebra-RR03-0238,2,24
5,4,4,4,4,5,1,-1,2019-algebra-RR03-0459,2,27
5,1,0,0,3,0,4,2,2019-calculus-RR06-0680,1,15
5,2,2,4,4,5,4,-1,2018-algebra-RR03-0469,2,26
3,2,2,2,3,2,3,3,2018-calculus-RR06-1174,1,20
2,3,3,3,1,5,0,-1,2019-calculus-RR03-0795,2,17
3,3,2,2,2,3,3,3,2019-calculus-RR06-0765,1,21
5,2,2,2,3,0,5,3,2019-calculus-RR06-1192,1,22
5,5,4,4,3,3,3,0,2018-algebra-RR06-0152,1,27
5,4,4,4,3,2,3,-1,2019-calculus-RR03-0696,2,25
5,3,3,3,3,2,2,-1,2019-calculus-RR03-0637,2,21
3,4,4,3,3,5,2,-1,2019-calculus-RR03-0547,2,24
5,4,4,4,2,3,1,-1,2019-calculus-RR03-0526,2,23
2,2,1,1,1,0,2,3,2019-calculus-RR06-0697,1,12
5,4,4,4,4,5,4,-1,2019-algebra-RR03-0165,2,30
0,4,2,4,4,5,0,-1,2019-calculus-RR03-0810,2,19
5,2,2,2,3,5,0,-1,2019-calculus-RR03-1075,2,19
2,2,1,1,2,1,1,4,2019-algebra-RR06-0251,1,14
5,4,4,4,3,2,3,-1,2018-algebra-RR03-0224,2,25
5,2,2,2,2,1,5,0,2018-algebra-RR06-0130,1,19
4,2,1,2,1,1,2,1,2019-calculus-RR06-0818,1,14
5,4,4,4,4,5,0,-1,2018-algebra-RR03-0172,2,26
4,3,4,3,3,2,5,3,2018-calculus-RR06-0656,1,27
5,2,3,3,2,3,5,3,2018-algebra-RR06-0200,1,26
5,2,2,2,1,2,4,-1,2019-algebra-RR03-0150,2,18
3,4,4,4,4,5,3,-1,2018-algebra-RR03-0424,2,27
3,4,3,3,1,0,1,0,2018-calculus-RR06-0773,1,15
3,1,3,3,4,0,4,1,2019-calculus-RR06-1140,1,19
5,5,5,5,4,3,3,-1,2019-calculus-RR03-0515,2,30
3,1,1,1,0,0,1,3,2019-algebra-RR06-0026,1,10
5,3,3,3,4,2,3,-1,2019-calculus-RR03-1044,2,23
5,5,5,5,2,5,2,-1,2018-algebra-RR03-0313,2,29
1,0,0,0,1,0,1,3,2019-algebra-RR06-0356,1,6
3,1,2,2,2,0,3,4,2019-calculus-RR06-0813,1,17
4,3,4,4,4,3,5,5,2018-algebra-RR06-0245,1,32
5,5,5,5,5,5,3,-1,2018-algebra-RR03-0279,2,33
4,2,1,1,1,1,4,0,2018-algebra-RR06-0413,1,14
5,3,3,3,3,5,2,-1,2019-calculus-RR03-0832,2,24
2,2,2,2,0,2,0,-1,2019-calculus-RR03-0751,2,10
3,1,3,3,4,4,3,3,2018-algebra-RR06-0210,1,24
5,4,4,4,2,2,5,3,2018-algebra-RR06-1113,1,29
3,2,2,2,1,5,4,-1,2019-calculus-RR03-0986,2,19
1,2,3,3,2,0,1,3,2019-calculus-RR06-1072,1,15
2,4,1,1,1,0,2,3,2019-calculus-RR06-0877,1,14
5,4,4,3,2,3,0,-1,2019-calculus-RR03-0620,2,21
5,3,3,3,2,3,2,-1,2019-calculus-RR03-0999,2,21
5,3,2,3,1,5,4,-1,2018-algebra-RR03-0132,2,23
3,4,4,4,3,3,3,-1,2018-algebra-RR03-0389,2,24
3,4,4,4,3,4,4,-1,2019-calculus-RR03-0994,2,26
5,2,2,3,1,5,0,-1,2019-calculus-RR03-0906,2,18
4,2,4,4,3,3,5,4,2018-calculus-RR06-0902,1,29
5,3,3,3,1,2,2,-1,2019-calculus-RR03-0612,2,19
5,5,5,5,2,5,4,-1,2018-algebra-RR03-0457,2,31
5,2,2,2,2,4,1,-1,2019-calculus-RR03-1033,2,18
4,2,2,2,2,5,2,-1,2019-calculus-RR03-0882,2,19
3,3,2,2,1,3,3,0,2018-algebra-RR06-0235,1,17
3,4,4,4,3,3,3,-1,2019-calculus-RR03-0622,2,24
3,5,5,5,3,5,4,-1,2018-calculus-RR03-0950,2,30
3,2,1,1,2,2,5,4,2019-algebra-RR06-0219,1,20
5,3,2,2,0,4,3,-1,2018-calculus-RR03-0915,2,19
5,2,2,2,1,2,1,-1,2019-algebra-RR03-0373,2,15
4,1,1,1,1,0,2,4,2019-calculus-RR06-0933,1,14
4,4,4,4,3,5,4,-1,2019-calculus-RR03-0965,2,28
5,2,2,2,2,2,3,-1,2019-algebra-RR03-0311,2,18
5,4,3,3,4,0,5,3,2019-algebra-RR06-0108,1,27
0,2,2,2,1,1,1,-1,2019-calculus-RR03-0610,2,9
5,5,4,5,4,5,2,-1,2019-calculus-RR03-0809,2,30
5,2,2,2,2,4,2,-1,2019-calculus-RR03-0813,2,19
4,3,3,3,3,3,5,5,2019-calculus-RR06-0836,1,29
0,1,1,1,0,0,0,0,2019-calculus-RR06-1028,1,3
3,1,0,0,0,0,0,0,2019-algebra-RR06-1124,1,4
4,5,3,3,1,0,3,4,2018-algebra-RR06-0275,1,23
3,0,0,0,3,0,2,4,2019-calculus-RR06-0970,1,12
3,4,2,4,2,2,3,-1,2019-calculus-RR03-0984,2,20
5,3,3,2,1,3,4,-1,2019-calculus-RR03-0818,2,21
1,4,4,4,2,4,3,-1,2019-calculus-RR03-0645,2,22
3,4,2,2,1,3,0,-1,2018-calculus-RR03-0778,2,15
5,4,4,4,5,5,4,-1,2019-algebra-RR03-0168,2,31
3,3,2,0,3,2,3,3,2019-algebra-RR06-0071,1,19
2,3,2,2,1,0,4,0,2018-algebra-RR06-0227,1,14
4,1,2,0,3,1,4,2,2018-calculus-RR06-0726,1,17
3,3,2,2,3,1,2,4,2019-calculus-RR06-0887,1,20
2,1,1,1,1,0,2,3,2019-calculus-RR06-0534,1,11
3,2,3,3,2,0,5,5,2019-algebra-RR06-0127,1,23
5,4,2,0,0,0,2,5,2019-calculus-RR06-1171,1,18
1,0,0,0,1,0,2,2,2019-algebra-RR06-0483,1,6
5,1,2,1,2,5,3,-1,2018-algebra-RR03-0299,2,19
5,2,2,2,4,4,3,-1,2019-calculus-RR03-0904,2,22
4,5,5,5,2,5,1,-1,2018-calculus-RR03-1089,2,27
5,3,3,3,2,0,2,1,2019-algebra-RR06-0217,1,19
3,2,2,2,1,2,0,-1,2019-calculus-RR03-0618,2,12
5,2,3,2,3,1,0,-1,2018-algebra-RR03-0368,2,16
5,0,1,1,2,0,2,0,2019-calculus-RR06-0940,1,11
5,5,5,5,2,4,0,-1,2018-algebra-RR03-0054,2,26
5,2,2,2,1,3,1,-1,2019-calculus-RR03-0660,2,16
5,4,4,4,1,5,3,-1,2018-algebra-RR03-0487,2,26
3,1,0,0,0,0,4,0,2019-calculus-RR06-0499,1,8
5,0,2,0,3,3,1,-1,2019-calculus-RR03-0710,2,14
3,2,2,2,2,4,1,-1,2019-algebra-RR03-0254,2,16
3,0,2,2,2,0,2,3,2019-calculus-RR06-1071,1,14
5,4,5,5,1,2,4,5,2018-algebra-RR06-0401,1,31
3,5,3,5,4,5,2,-1,2018-algebra-RR03-0164,2,27
4,3,2,3,3,5,4,-1,2019-calculus-RR03-0998,2,24
2,1,1,1,0,0,3,1,2019-calculus-RR06-0924,1,9
3,2,3,3,2,0,5,3,2018-algebra-RR06-0203,1,21
3,2,2,4,3,3,3,-1,2018-algebra-RR03-0081,2,20
3,4,4,4,1,3,0,-1,2018-algebra-RR03-0355,2,19
5,4,5,4,4,5,4,-1,2019-calculus-RR03-0926,2,31
3,2,2,2,2,4,1,-1,2019-algebra-RR03-0291,2,16
5,4,4,4,2,2,2,-1,2018-calculus-RR03-0964,2,23
5,1,3,3,3,2,3,1,2018-calculus-RR06-1002,1,21
5,3,2,2,3,0,5,0,2018-algebra-RR06-0239,1,20
3,2,2,2,1,1,0,-1,2019-algebra-RR03-0256,2,11
0,2,2,2,1,2,3,-1,2019-calculus-RR03-0579,2,12
3,5,3,5,1,2,0,-1,2018-calculus-RR03-1042,2,19
3,0,1,1,0,0,2,3,2019-calculus-RR06-0743,1,10
0,4,4,4,0,3,0,-1,2019-calculus-RR03-0596,2,15
5,2,3,3,1,0,3,4,2019-calculus-RR06-0910,1,21
5,2,2,2,2,3,4,-1,2019-calculus-RR03-0740,2,20
3,1,2,2,2,0,3,1,2019-calculus-RR06-0552,1,14
3,1,1,1,0,0,4,1,2019-calculus-RR06-1009,1,11
2,2,2,2,0,0,0,-1,2019-calculus-RR03-0976,2,8
4,3,3,3,2,2,2,1,2018-algebra-RR06-0389,1,20
5,5,3,5,2,3,2,-1,2018-calculus-RR03-0589,2,25
5,3,1,1,2,0,5,5,2019-calculus-RR06-0784,1,22
3,3,2,2,2,0,3,1,2019-calculus-RR06-0529,1,16
5,4,4,4,4,4,4,-1,2018-algebra-RR03-0035,2,29
5,3,3,3,3,4,5,-1,2018-algebra-RR03-0362,2,26
5,2,2,2,1,5,0,-1,2018-algebra-RR03-0077,2,17
5,3,3,3,0,2,0,-1,2018-algebra-RR03-0436,2,16
3,3,3,3,1,5,2,-1,2019-calculus-RR03-0839,2,20
0,5,4,4,5,4,1,0,2018-calculus-RR06-1068,1,23
3,0,2,2,1,0,3,4,2019-calculus-RR06-0908,1,15
5,4,4,4,3,4,0,-1,2018-algebra-RR03-0078,2,24
5,5,5,5,3,3,0,-1,2019-calculus-RR03-0844,2,26
3,1,4,0,4,3,4,4,2019-algebra-RR06-0435,1,23
3,0,2,2,1,1,4,0,2019-calculus-RR06-0788,1,13
3,2,2,2,1,3,5,1,2018-algebra-RR06-0317,1,19
3,4,4,4,3,4,2,-1,2019-calculus-RR03-1085,2,24
4,2,2,0,2,0,2,1,2019-algebra-RR06-0179,1,13
2,3,0,0,2,0,2,0,2019-algebra-RR06-0141,1,9
2,4,1,1,3,0,2,4,2019-algebra-RR06-0128,1,17
5,5,5,5,1,3,3,-1,2019-calculus-RR03-1093,2,27
3,1,2,0,2,0,2,4,2019-calculus-RR06-0792,1,14
5,4,2,2,1,0,4,3,2019-calculus-RR06-0692,1,21
5,2,2,2,4,5,4,-1,2018-algebra-RR03-0462,2,24
1,5,3,3,4,1,5,3,2019-algebra-RR06-0112,1,25
5,2,2,2,1,5,2,-1,2018-algebra-RR03-0387,2,19
3,2,2,2,1,5,0,-1,2019-calculus-RR03-0878,2,15
5,3,3,2,0,5,0,-1,2019-calculus-RR03-0910,2,18
2,0,3,2,2,0,2,0,2019-calculus-RR06-0688,1,11
5,1,3,2,1,2,1,5,2019-calculus-RR06-1029,1,20
3,1,2,2,1,0,3,5,2019-algebra-RR06-0431,1,17
5,4,4,4,2,4,0,-1,2019-calculus-RR03-0703,2,23
5,2,4,2,3,5,0,-1,2018-algebra-RR03-0439,2,21
5,2,2,1,0,3,0,-1,2019-calculus-RR03-0512,2,13
3,5,5,5,3,3,4,-1,2019-calculus-RR03-0909,2,28
4,4,3,3,4,0,3,0,2019-algebra-RR06-0103,1,21
3,0,2,0,1,0,5,4,2019-calculus-RR06-0754,1,15
5,2,2,2,2,3,2,-1,2019-calculus-RR03-0542,2,18
3,4,3,3,3,3,4,1,2018-algebra-RR06-1126,1,24
3,1,0,0,1,0,2,3,2019-calculus-RR06-1081,1,10
5,2,2,2,2,5,3,-1,2019-calculus-RR03-0887,2,21
0,0,0,0,1,0,0,0,2019-algebra-RR06-0472,1,1
5,4,4,4,3,5,3,-1,2019-calculus-RR03-0524,2,28
5,2,2,1,1,3,3,-1,2019-algebra-RR03-0437,2,17
3,0,2,2,0,1,2,0,2018-algebra-RR06-0236,1,10
5,2,2,1,3,3,3,2,2018-calculus-RR06-0737,1,21
4,1,1,0,3,2,5,1,2019-calculus-RR06-1189,1,17
5,5,5,2,2,0,0,-1,2019-calculus-RR03-1038,2,19
3,5,5,5,4,5,2,-1,2018-algebra-RR03-0422,2,29
3,2,2,2,1,2,1,-1,2019-algebra-RR03-0137,2,13
4,4,4,4,3,3,3,4,2018-algebra-RR06-0252,1,29
5,3,2,2,5,0,5,3,2019-calculus-RR06-1167,1,25
5,4,4,4,2,5,4,-1,2019-calculus-RR03-1060,2,28
5,4,4,4,2,3,3,-1,2019-algebra-RR03-0127,2,25
3,1,2,2,1,0,1,5,2019-algebra-RR06-0205,1,15
5,4,4,4,5,5,2,-1,2018-algebra-RR03-0228,2,29
5,0,5,0,4,4,0,-1,2019-calculus-RR03-0723,2,18
2,1,2,2,2,0,1,4,2019-calculus-RR06-0728,1,14
3,0,5,0,1,2,0,-1,2018-algebra-RR03-0034,2,11
3,1,1,1,2,0,3,1,2019-calculus-RR06-0603,1,12
1,2,3,3,0,3,0,-1,2019-algebra-RR03-0285,2,12
0,4,4,4,2,3,4,-1,2018-algebra-RR03-0091,2,21
3,4,4,4,2,2,0,-1,2019-calculus-RR03-0967,2,19
4,3,3,3,2,4,3,-1,2019-calculus-RR03-0800,2,22
5,2,2,2,1,5,3,-1,2018-algebra-RR03-0033,2,20
2,1,1,1,0,0,3,1,2019-calculus-RR06-0694,1,9
5,4,4,4,1,3,2,-1,2019-calculus-RR03-1015,2,23
3,4,4,4,2,4,0,-1,2019-calculus-RR03-0761,2,21
5,3,2,2,3,1,2,3,2019-calculus-RR06-0578,1,21
2,2,2,2,2,0,4,4,2019-calculus-RR06-0539,1,18
3,0,0,3,3,1,2,5,2019-calculus-RR06-0569,1,17
3,3,3,3,5,4,4,4,2018-algebra-RR06-0054,1,29
5,2,5,2,1,3,0,-1,2019-algebra-RR03-0416,2,18
5,4,4,4,2,5,2,-1,2019-calculus-RR03-0767,2,26
5,4,4,4,1,4,3,-1,2019-algebra-RR03-0112,2,25
3,3,4,4,3,0,5,4,2018-calculus-RR06-0923,1,26
4,5,3,3,1,0,5,3,2018-algebra-RR06-0074,1,24
3,4,4,4,3,5,3,-1,2019-calculus-RR03-1050,2,26
3,4,4,4,2,5,4,-1,2018-algebra-RR03-0062,2,26
5,2,2,2,1,2,1,-1,2019-algebra-RR03-0397,2,15
5,5,5,5,2,5,0,-1,2018-calculus-RR03-0902,2,27
5,4,4,4,1,5,2,-1,2019-calculus-RR03-0570,2,25
0,2,0,0,3,3,0,-1,2018-algebra-RR03-0231,2,8
4,3,1,1,2,2,3,0,2018-calculus-RR06-0588,1,16
5,2,4,4,2,3,0,0,2018-calculus-RR06-0925,1,20
4,5,5,5,3,4,3,-1,2019-calculus-RR03-0802,2,29
5,4,4,4,4,5,3,-1,2018-calculus-RR03-0721,2,29
2,2,2,1,2,0,2,0,2019-calculus-RR06-0856,1,11
5,2,2,2,4,5,3,-1,2018-algebra-RR03-0276,2,23
3,4,3,3,4,1,5,4,2018-algebra-RR06-0487,1,27
5,4,4,4,3,2,1,-1,2018-algebra-RR03-0175,2,23
0,4,4,4,2,5,0,-1,2019-calculus-RR03-0816,2,19
0,1,3,2,1,0,2,5,2019-calculus-RR06-0876,1,14
2,3,2,2,1,0,2,3,2019-calculus-RR06-1105,1,15
5,1,2,2,1,2,3,4,2019-algebra-RR06-0193,1,20
5,5,5,5,1,2,3,-1,2019-algebra-RR03-0151,2,26
5,2,2,2,2,5,3,-1,2019-algebra-RR03-0493,2,21
2,1,1,1,2,1,5,4,2019-calculus-RR06-0536,1,17
0,0,1,1,2,3,0,4,2019-calculus-RR06-1073,1,11
5,2,2,2,1,2,3,-1,2018-algebra-RR03-0330,2,17
3,4,2,2,4,2,5,1,2019-calculus-RR06-0837,1,23
5,4,2,2,3,4,3,-1,2019-calculus-RR03-1076,2,23
3,1,2,1,3,3,3,-1,2019-calculus-RR03-0638,2,16
5,2,3,2,3,5,5,-1,2019-calculus-RR03-0748,2,25
5,4,4,4,2,1,4,0,2019-calculus-RR06-0772,1,24
4,3,4,4,2,3,4,3,2018-algebra-RR06-0342,1,27
3,0,0,0,1,2,3,-1,2019-algebra-RR03-0470,2,9
5,4,4,4,1,3,3,-1,2019-calculus-RR03-1040,2,24
5,4,4,4,2,5,0,-1,2018-algebra-RR03-0111,2,24
5,5,5,0,3,5,3,-1,2019-calculus-RR03-0540,2,26
0,5,3,3,3,1,5,1,2018-calculus-RR06-0721,1,21
4,4,3,3,4,0,5,3,2019-calculus-RR06-1165,1,26
3,4,3,3,4,0,3,4,2019-calculus-RR06-1148,1,24
3,1,1,1,0,0,5,1,2019-calculus-RR06-1184,1,12
3,4,4,1,1,3,3,-1,2019-calculus-RR03-1055,2,19
5,1,2,0,3,1,3,3,2018-algebra-RR06-0377,1,18
5,5,5,5,3,1,1,-1,2019-calculus-RR03-0811,2,25
3,3,3,3,2,1,2,3,2019-calculus-RR06-0641,1,20
2,1,2,0,2,1,1,3,2019-calculus-RR06-0593,1,12
3,3,3,3,1,4,4,2,2018-algebra-RR06-0221,1,23
3,0,2,0,1,4,0,-1,2019-algebra-RR03-0253,2,10
2,2,2,2,3,0,1,0,2019-calculus-RR06-0901,1,12
5,3,4,2,2,3,0,0,2018-algebra-RR06-0270,1,19
0,0,2,0,1,3,0,-1,2019-algebra-RR03-0266,2,6
0,2,4,2,1,3,3,-1,2019-calculus-RR03-0597,2,15
3,3,2,2,4,0,5,4,2018-algebra-RR06-0045,1,23
5,2,1,1,2,1,2,1,2019-calculus-RR06-1061,1,15
4,2,2,2,3,0,5,4,2018-algebra-RR06-0368,1,22
4,2,2,2,3,5,0,-1,2018-algebra-RR03-0022,2,18
5,2,2,1,1,4,0,-1,2019-calculus-RR03-0781,2,15
5,5,5,5,3,3,3,-1,2018-algebra-RR03-0066,2,29
5,5,5,5,1,4,2,-1,2019-calculus-RR03-0731,2,27
0,3,3,3,3,3,0,-1,2019-calculus-RR03-0894,2,15
5,4,4,4,4,5,3,-1,2018-calculus-RR03-0952,2,29
5,3,2,2,4,0,5,3,2018-algebra-RR06-0101,1,24
5,4,4,4,5,3,2,-1,2018-algebra-RR03-0173,2,27
5,5,5,5,1,3,3,-1,2018-algebra-RR03-0186,2,27
3,3,3,3,0,0,0,-1,2018-algebra-RR03-0139,2,12
3,3,1,1,3,0,4,0,2019-calculus-RR06-0558,1,15
5,2,4,2,4,5,0,-1,2018-algebra-RR03-0444,2,22
0,2,2,2,2,3,0,-1,2019-calculus-RR03-0780,2,11
5,4,4,4,4,4,2,-1,2019-calculus-RR03-0609,2,27
2,1,1,1,0,0,2,0,2019-calculus-RR06-0847,1,7
5,2,2,2,1,2,0,-1,2019-calculus-RR03-0728,2,14
3,2,2,2,3,3,4,-1,2019-calculus-RR03-1031,2,19
4,3,2,3,1,5,2,-1,2019-calculus-RR03-0730,2,20
3,2,0,0,1,0,0,0,2019-calculus-RR06-0512,1,6
3,2,2,2,3,3,3,-1,2018-algebra-RR03-0116,2,18
5,4,5,4,3,3,2,-1,2019-calculus-RR03-1072,2,26
4,2,0,0,1,0,3,1,2019-calculus-RR06-0817,1,11
5,0,2,0,1,3,1,-1,2019-calculus-RR03-0753,2,12
5,0,2,0,2,0,2,0,2019-calculus-RR06-0806,1,11
3,2,2,2,1,3,3,-1,2019-calculus-RR03-1043,2,16
3,4,4,4,4,4,2,-1,2018-algebra-RR03-0404,2,25
4,3,2,2,5,3,4,3,2018-algebra-RR06-0404,1,26
0,4,4,4,1,4,4,-1,2018-algebra-RR03-0090,2,21
2,2,2,1,2,5,3,-1,2019-algebra-RR03-0475,2,17
4,1,3,3,2,0,3,2,2019-calculus-RR06-0863,1,18
4,3,4,4,2,1,0,2,2019-calculus-RR06-0795,1,20
2,2,2,2,3,5,3,-1,2018-algebra-RR03-0377,2,19
5,0,3,1,3,0,5,4,2019-calculus-RR06-1060,1,21
3,2,2,2,2,3,0,-1,2018-calculus-RR03-0717,2,14
3,0,0,0,1,0,0,-1,2019-algebra-RR03-0048,2,4
5,3,3,3,2,2,0,-1,2019-calculus-RR03-0733,2,18
4,1,3,3,3,0,3,3,2018-algebra-RR06-0279,1,20
5,4,4,4,3,5,2,-1,2018-calculus-RR03-0842,2,27
3,2,1,1,1,0,3,1,2019-calculus-RR06-0541,1,12
3,1,1,1,1,0,4,0,2018-calculus-RR06-0546,1,11
4,2,1,1,3,0,1,3,2018-algebra-RR06-0268,1,15
5,3,3,2,1,2,2,-1,2019-calculus-RR03-0716,2,18
0,0,0,0,0,0,0,0,2019-calculus-RR06-0771,1,0
3,2,2,2,2,5,2,-1,2018-algebra-RR03-0060,2,18
5,2,4,4,4,3,4,4,2019-calculus-RR06-0715,1,30
4,1,2,2,1,0,1,1,2019-algebra-RR06-0105,1,12
2,4,4,4,2,4,2,-1,2018-algebra-RR03-0129,2,22
3,3,3,3,1,0,0,-1,2018-algebra-RR03-0329,2,13
3,2,1,0,2,3,2,3,2019-algebra-RR06-0312,1,16
4,3,2,2,4,1,4,1,2018-algebra-RR06-0425,1,21
3,2,1,1,1,0,0,0,2018-algebra-RR06-0320,1,8
0,0,2,0,2,3,0,-1,2019-calculus-RR03-0768,2,7
5,2,2,2,2,5,2,-1,2019-calculus-RR03-1104,2,20
5,4,2,4,1,3,0,-1,2019-calculus-RR03-1053,2,19
5,1,2,2,3,0,5,3,2018-algebra-RR06-0060,1,21
5,5,4,5,2,2,1,-1,2019-algebra-RR03-0026,2,24
4,1,4,3,1,0,0,3,2019-calculus-RR06-0498,1,16
1,1,1,1,0,0,1,2,2019-calculus-RR06-0972,1,7
3,4,4,4,2,3,4,1,2018-algebra-RR06-0469,1,25
2,0,1,1,1,0,2,3,2019-calculus-RR06-0548,1,10
5,3,3,3,1,3,2,-1,2019-calculus-RR03-0827,2,20
3,4,3,3,2,1,3,1,2018-algebra-RR06-0164,1,20
5,5,5,5,4,5,0,-1,2018-algebra-RR03-0144,2,29
3,3,2,1,1,0,3,3,2019-calculus-RR06-0905,1,16
2,1,1,2,3,0,1,0,2019-algebra-RR06-0348,1,10
0,4,2,2,2,3,5,3,2018-calculus-RR06-0695,1,21
3,1,1,0,2,2,3,3,2018-algebra-RR06-0301,1,15
3,5,3,2,0,3,0,-1,2018-algebra-RR03-0390,2,16
5,5,2,2,2,4,2,-1,2019-calculus-RR03-1058,2,22
5,5,3,5,2,3,2,-1,2019-calculus-RR03-0582,2,25
1,1,1,1,1,0,2,3,2019-calculus-RR06-1054,1,10
0,4,4,4,1,5,0,-1,2019-calculus-RR03-0511,2,18
3,4,2,4,2,5,4,-1,2018-calculus-RR03-0957,2,24
5,5,2,2,2,2,3,3,2018-algebra-RR06-0166,1,24
5,1,2,2,3,5,0,-1,2018-algebra-RR03-0369,2,18
3,2,2,1,1,3,2,-1,2019-calculus-RR03-0852,2,14
5,4,2,2,2,5,2,-1,2019-calculus-RR03-1049,2,22
5,5,5,5,5,3,5,4,2019-algebra-RR06-1127,1,37
5,4,4,4,2,5,1,-1,2019-calculus-RR03-0704,2,25
5,4,4,4,4,3,2,-1,2019-calculus-RR03-0883,2,26
2,2,4,2,0,0,0,-1,2018-algebra-RR03-0114,2,10
5,5,5,5,2,5,2,-1,2018-algebra-RR03-0006,2,29
0,3,3,4,3,0,3,4,2018-algebra-RR06-0242,1,20
5,4,1,1,3,0,0,0,2018-algebra-RR06-0034,1,14
0,1,0,0,2,0,2,0,2019-algebra-RR06-0161,1,5
4,4,4,3,4,0,3,4,2018-algebra-RR06-0338,1,26
3,5,5,5,4,5,2,-1,2019-calculus-RR03-1022,2,29
0,4,4,4,4,5,2,-1,2018-algebra-RR03-0076,2,23
5,4,4,0,2,1,3,5,2019-calculus-RR06-0786,1,24
3,4,2,2,0,0,4,0,2019-algebra-RR06-0448,1,15
3,4,4,4,3,0,5,5,2018-algebra-RR06-0115,1,28
5,4,4,4,3,5,0,-1,2018-algebra-RR03-0425,2,25
5,3,3,3,5,0,5,4,2019-algebra-RR06-1123,1,28
3,1,1,1,1,0,2,3,2019-algebra-RR06-0044,1,12
5,3,1,2,1,5,2,-1,2019-calculus-RR03-0794,2,19
5,5,5,5,2,5,2,-1,2019-calculus-RR03-0854,2,29
4,1,2,2,3,0,3,1,2018-calculus-RR06-0862,1,16
5,2,2,2,5,4,2,-1,2019-calculus-RR03-0604,2,22
3,1,2,2,1,1,2,3,2018-algebra-RR06-1120,1,15
4,1,0,0,0,0,0,3,2019-calculus-RR06-0846,1,8
5,2,3,3,2,5,0,-1,2018-algebra-RR03-0130,2,20
5,5,5,5,1,5,4,-1,2018-algebra-RR03-0430,2,30
3,0,2,1,1,0,1,4,2019-calculus-RR06-0658,1,12
5,3,5,5,2,5,1,-1,2018-algebra-RR03-0019,2,26
5,2,2,2,2,3,2,-1,2019-algebra-RR03-0478,2,18
3,2,2,1,1,1,3,-1,2019-calculus-RR03-0605,2,13
2,2,2,1,1,5,0,-1,2019-calculus-RR03-0828,2,13
1,2,2,2,2,0,5,2,2019-algebra-RR06-0478,1,16
3,3,2,2,4,2,3,3,2019-calculus-RR06-1058,1,22
5,4,4,4,3,5,3,-1,2018-algebra-RR03-0210,2,28
0,4,2,4,1,3,2,-1,2018-algebra-RR03-0247,2,16
4,5,2,3,4,5,5,3,2019-calculus-RR06-0895,1,31
2,0,1,1,0,0,1,1,2019-calculus-RR06-1156,1,6
4,4,4,4,3,2,4,3,2018-algebra-RR06-0457,1,28
5,2,2,2,1,4,3,-1,2019-calculus-RR03-0834,2,19
5,4,4,2,2,5,2,-1,2018-algebra-RR03-0015,2,24
2,0,0,0,1,0,4,2,2019-calculus-RR06-0710,1,9
5,2,2,2,2,4,2,-1,2018-calculus-RR03-0995,2,19
3,0,0,0,0,0,3,2,2019-calculus-RR06-0537,1,8
5,3,3,3,3,2,4,4,2018-calculus-RR06-1019,1,27
0,2,2,2,1,3,0,-1,2018-algebra-RR03-0284,2,10
5,2,4,4,1,4,2,-1,2018-algebra-RR03-0174,2,22
5,2,2,1,3,4,0,-1,2018-algebra-RR03-0466,2,17
0,1,0,0,0,0,0,0,2019-algebra-RR06-1116,1,1
4,0,0,0,2,3,3,-1,2018-calculus-RR03-0726,2,12
3,2,2,2,1,2,0,-1,2019-calculus-RR03-0565,2,12
3,2,2,2,2,5,0,-1,2019-algebra-RR03-0195,2,16
5,4,1,1,3,2,3,3,2018-algebra-RR06-0215,1,22
5,4,4,4,3,5,2,-1,2018-algebra-RR03-0340,2,27
4,2,2,2,5,3,2,-1,2018-calculus-RR03-0719,2,20
3,3,3,3,4,5,5,4,2018-algebra-RR06-0173,1,30
5,3,2,2,2,2,3,3,2018-algebra-RR06-0495,1,22
4,0,0,0,2,0,1,1,2019-calculus-RR06-0961,1,8
3,1,1,1,1,0,3,3,2019-calculus-RR06-1158,1,13
5,0,2,2,1,0,3,2,2019-calculus-RR06-0633,1,15
3,1,4,4,1,1,3,5,2018-algebra-RR06-0160,1,22
5,4,4,4,4,5,2,-1,2019-calculus-RR03-0845,2,28
5,2,2,2,3,5,5,-1,2019-algebra-RR03-0426,2,24
3,1,2,2,1,0,1,4,2019-algebra-RR06-0178,1,14
3,3,0,0,2,0,4,3,2019-calculus-RR06-0604,1,15
5,2,2,2,1,5,4,-1,2018-algebra-RR03-0098,2,21
5,5,5,5,4,5,3,-1,2019-calculus-RR03-0639,2,32
5,4,4,4,3,5,3,-1,2018-algebra-RR03-0406,2,28
3,4,4,4,4,0,0,-1,2018-calculus-RR03-0700,2,19
5,4,4,4,4,2,3,-1,2019-calculus-RR03-0518,2,26
5,4,2,2,3,4,5,4,2018-algebra-RR06-0032,1,29
3,2,2,1,1,2,5,3,2019-algebra-RR06-0065,1,19
5,5,5,5,1,5,2,-1,2019-calculus-RR03-0562,2,28
5,5,5,5,4,5,3,-1,2019-calculus-RR03-0937,2,32
3,1,1,1,2,0,2,1,2019-calculus-RR06-0981,1,11
5,5,5,5,3,4,2,-1,2019-calculus-RR03-0930,2,29
3,2,3,3,0,0,3,1,2019-calculus-RR06-0718,1,15
5,4,4,4,1,5,0,-1,2018-algebra-RR03-0286,2,23
4,1,2,2,2,0,4,1,2018-algebra-RR06-0474,1,16
5,4,4,4,0,2,2,-1,2019-calculus-RR03-0929,2,21
3,2,1,1,2,0,2,4,2019-calculus-RR06-1191,1,15
3,4,3,2,3,0,3,3,2019-calculus-RR06-0625,1,21
5,4,4,4,2,5,2,-1,2018-algebra-RR03-0059,2,26
5,3,0,0,0,0,0,0,2019-algebra-RR06-1135,1,8
5,5,4,4,4,3,4,3,2018-algebra-RR06-0393,1,32
3,1,2,1,1,0,4,4,2019-calculus-RR06-0943,1,16
4,4,2,3,4,0,1,0,2019-calculus-RR06-0723,1,18
5,0,4,0,3,5,0,-1,2018-algebra-RR03-0222,2,17
3,4,4,4,3,3,3,3,2018-calculus-RR06-0947,1,27
0,1,2,2,3,1,1,0,2019-calculus-RR06-0500,1,10
4,2,2,2,1,5,1,-1,2018-algebra-RR03-0069,2,17
3,5,2,5,3,4,4,-1,2018-algebra-RR03-0097,2,26
4,1,1,2,3,0,3,2,2018-algebra-RR06-0290,1,16
4,1,2,2,1,1,2,0,2019-calculus-RR06-0796,1,13
4,4,4,4,1,5,2,-1,2019-calculus-RR03-0971,2,24
5,2,3,2,2,3,2,0,2018-algebra-RR06-0376,1,19
3,2,2,2,3,5,2,-1,2018-calculus-RR03-0702,2,19
5,4,4,4,2,5,1,-1,2019-calculus-RR03-0739,2,25
5,3,4,0,5,0,3,4,2019-algebra-RR06-1118,1,24
2,0,1,1,0,0,2,4,2019-calculus-RR06-0691,1,10
3,4,4,4,5,4,2,-1,2018-calculus-RR03-0868,2,26
4,4,1,1,1,0,2,4,2019-calculus-RR06-0528,1,17
3,4,4,4,3,5,2,-1,2019-calculus-RR03-0803,2,25
5,2,2,2,3,5,0,-1,2018-algebra-RR03-0383,2,19
1,5,5,5,1,5,2,-1,2019-algebra-RR03-0003,2,24
5,4,4,4,3,4,2,-1,2018-algebra-RR03-0206,2,26
5,4,4,4,2,5,3,-1,2018-algebra-RR03-0200,2,27
3,3,2,2,4,0,2,0,2019-algebra-RR06-1122,1,16
5,4,2,4,2,4,0,-1,2019-calculus-RR03-0812,2,21
3,3,2,3,2,2,2,-1,2019-calculus-RR03-0548,2,17
4,4,5,5,3,3,5,3,2018-algebra-RR06-0064,1,32
4,4,5,5,4,0,3,4,2018-algebra-RR06-0198,1,29
2,2,1,1,3,0,1,0,2018-algebra-RR06-0390,1,10
5,3,3,3,1,5,4,-1,2019-algebra-RR03-0056,2,24
3,1,1,1,0,0,2,1,2019-calculus-RR06-0607,1,9
2,2,2,2,1,2,4,-1,2019-algebra-RR03-0483,2,15
5,4,4,4,1,4,1,-1,2019-calculus-RR03-1014,2,23
1,0,1,1,1,0,2,3,2019-calculus-RR06-1152,1,9
5,5,5,5,5,5,4,-1,2018-algebra-RR03-0180,2,34
0,0,2,0,0,0,0,-1,2018-algebra-RR03-0486,2,2
2,2,2,2,1,4,4,-1,2019-calculus-RR03-1007,2,17
5,5,5,5,5,5,3,-1,2019-calculus-RR03-0860,2,33
5,4,2,4,2,1,2,-1,2019-algebra-RR03-0312,2,20
4,2,1,3,2,2,1,4,2019-calculus-RR06-0899,1,19
2,3,1,1,2,1,5,5,2019-calculus-RR06-1004,1,20
5,4,4,4,1,5,4,-1,2018-algebra-RR03-0452,2,27
5,4,4,4,3,5,2,-1,2018-algebra-RR03-0380,2,27
5,4,4,4,1,5,0,-1,2018-algebra-RR03-0324,2,23
4,3,4,4,4,4,3,4,2018-algebra-RR06-0041,1,30
5,3,3,3,1,2,2,-1,2019-calculus-RR03-0898,2,19
3,1,2,2,4,1,3,2,2019-calculus-RR06-0601,1,18
4,5,0,0,3,2,3,3,2018-algebra-RR06-1117,1,20
3,2,2,2,1,2,0,-1,2019-calculus-RR03-1045,2,12
5,1,2,1,1,2,1,-1,2019-algebra-RR03-0280,2,13
5,2,2,2,1,2,5,-1,2019-calculus-RR03-0631,2,19
5,2,2,2,2,2,2,-1,2018-algebra-RR03-0376,2,17
4,1,0,0,0,0,0,0,2018-algebra-RR06-0247,1,5
5,3,3,3,1,4,2,-1,2019-calculus-RR03-0543,2,21
5,0,2,0,1,0,0,-1,2019-calculus-RR03-0741,2,8
5,3,3,3,3,1,3,0,2018-algebra-RR06-0267,1,21
5,3,2,3,1,1,4,5,2019-calculus-RR06-0879,1,24
4,0,3,3,5,0,5,3,2019-calculus-RR06-0870,1,23
5,2,2,2,1,2,3,-1,2019-calculus-RR03-1034,2,17
3,4,4,4,2,4,0,-1,2018-algebra-RR03-0155,2,21
4,2,2,2,1,2,0,-1,2018-algebra-RR03-0013,2,13
3,2,1,1,0,3,0,-1,2018-algebra-RR03-0482,2,10
5,2,2,2,2,0,3,3,2019-calculus-RR06-0760,1,19
5,4,4,4,1,5,1,-1,2018-algebra-RR03-0402,2,24
4,5,3,3,4,4,5,4,2018-algebra-RR06-1128,1,32
5,2,2,2,2,0,1,4,2018-calculus-RR06-0977,1,18
3,2,2,0,1,2,2,-1,2019-calculus-RR03-0738,2,12
5,2,0,0,4,2,3,3,2018-algebra-RR06-0186,1,19
5,4,4,4,3,4,3,-1,2018-algebra-RR03-0147,2,27
3,0,3,3,2,0,5,3,2019-algebra-RR06-0092,1,19
3,1,3,2,1,0,3,4,2019-calculus-RR06-0909,1,17
5,2,2,2,2,2,0,-1,2019-calculus-RR03-0831,2,15
3,2,2,2,1,3,3,-1,2019-calculus-RR03-0593,2,16
5,4,4,4,2,5,0,-1,2018-algebra-RR03-0257,2,24
4,2,1,0,2,0,2,0,2019-calculus-RR06-0967,1,11
3,2,1,1,1,2,5,3,2018-algebra-RR06-0462,1,18
3,0,3,1,3,0,4,4,2019-algebra-RR06-0211,1,18
3,4,3,3,1,2,5,4,2019-calculus-RR06-0671,1,25
3,1,0,0,4,0,2,2,2018-calculus-RR06-0888,1,12
5,4,4,4,3,5,4,-1,2018-algebra-RR03-0468,2,29
5,2,0,0,2,1,3,0,2018-algebra-RR06-1130,1,13
3,2,0,0,1,0,2,3,2019-algebra-RR06-0397,1,11
5,2,2,2,1,3,2,-1,2019-calculus-RR03-0959,2,17
5,3,3,3,2,4,2,-1,2018-algebra-RR03-0113,2,22
5,2,2,2,3,5,3,-1,2018-algebra-RR03-0264,2,22
0,2,2,4,1,0,0,-1,2018-algebra-RR03-0134,2,9
3,0,2,0,4,4,2,0,2019-calculus-RR06-0875,1,15
5,2,2,2,1,3,3,-1,2019-calculus-RR03-0784,2,18
5,4,4,4,2,1,3,3,2018-calculus-RR06-0689,1,26
3,2,2,2,4,2,2,-1,2019-calculus-RR03-0525,2,17
5,3,2,2,2,1,2,3,2018-algebra-RR06-0407,1,20
3,1,0,0,0,0,4,3,2019-algebra-RR06-1134,1,11
2,2,2,2,1,3,0,-1,2018-algebra-RR03-0326,2,12
5,4,4,4,2,4,3,-1,2018-algebra-RR03-0273,2,26
5,3,3,3,3,5,3,-1,2019-calculus-RR03-1074,2,25
3,2,2,2,3,5,3,-1,2019-algebra-RR03-0145,2,20
3,0,0,0,0,0,1,4,2019-calculus-RR06-1085,1,8
0,4,4,4,3,2,0,-1,2018-algebra-RR03-0061,2,17
5,3,5,3,2,4,3,-1,2019-algebra-RR03-0065,2,25
5,4,4,4,3,4,4,-1,2019-algebra-RR03-0086,2,28
0,2,2,1,2,5,0,-1,2018-algebra-RR03-0182,2,12
5,3,3,3,1,4,3,-1,2019-calculus-RR03-0766,2,22
5,2,2,2,5,4,2,-1,2018-calculus-RR03-0698,2,22
5,5,5,2,4,5,3,-1,2018-algebra-RR03-0016,2,29
5,5,3,3,4,0,3,0,2019-calculus-RR06-1146,1,23
3,0,0,0,1,0,3,0,2019-calculus-RR06-1075,1,7
5,4,5,2,0,2,3,-1,2019-calculus-RR03-0611,2,21
5,4,4,4,2,5,0,-1,2018-algebra-RR03-0235,2,24
5,4,4,4,4,5,4,-1,2018-algebra-RR03-0101,2,30
5,3,3,3,2,3,4,-1,2019-calculus-RR03-0908,2,23
3,4,5,4,3,2,2,-1,2019-calculus-RR03-0864,2,23
0,1,4,4,3,0,1,4,2018-calculus-RR06-1042,1,17
3,3,4,4,2,4,3,3,2018-calculus-RR06-0514,1,26
5,4,4,4,3,2,4,-1,2019-calculus-RR03-0775,2,26
4,5,5,5,2,4,0,-1,2018-algebra-RR03-0177,2,25
4,2,2,2,3,2,2,0,2018-algebra-RR06-0423,1,17
4,2,2,2,2,1,2,-1,2019-calculus-RR03-0699,2,15
3,1,2,2,1,0,1,3,2019-calculus-RR06-1065,1,13
4,3,3,3,2,0,3,3,2018-algebra-RR06-0277,1,21
3,2,2,2,2,0,5,1,2018-algebra-RR06-0278,1,17
3,2,2,1,0,0,3,3,2019-algebra-RR06-0241,1,14
2,2,1,1,0,0,2,3,2019-calculus-RR06-0610,1,11
3,1,3,2,1,1,2,3,2019-calculus-RR06-1057,1,16
1,0,1,0,2,1,0,-1,2019-algebra-RR03-0220,2,5
3,1,2,1,2,1,3,2,2019-calculus-RR06-0613,1,15
0,2,2,2,2,0,0,-1,2018-calculus-RR03-0695,2,8
0,1,0,0,3,1,0,0,2018-algebra-RR06-0428,1,5
3,3,2,2,1,0,3,3,2019-algebra-RR06-1109,1,17
5,5,5,5,4,4,2,-1,2019-calculus-RR03-0502,2,30
5,2,2,2,1,5,2,-1,2018-algebra-RR03-0278,2,19
5,2,2,2,3,5,3,-1,2018-algebra-RR03-0333,2,22
5,2,2,2,3,4,4,-1,2018-algebra-RR03-0198,2,22
3,2,2,1,1,2,1,-1,2019-algebra-RR03-0118,2,12
5,4,2,2,3,0,2,4,2019-algebra-RR06-0011,1,22
4,2,2,2,1,2,1,-1,2019-calculus-RR03-0765,2,14
5,4,4,4,3,4,0,-1,2018-calculus-RR03-0889,2,24
3,0,1,1,1,0,1,1,2019-calculus-RR06-1159,1,8
1,3,1,1,1,1,3,3,2019-calculus-RR06-0821,1,14
5,2,1,1,3,3,4,1,2018-algebra-RR06-0351,1,20
3,1,1,0,3,0,4,1,2019-calculus-RR06-0985,1,13
5,5,4,5,3,5,3,-1,2019-algebra-RR03-0274,2,30
2,2,3,3,5,0,3,0,2019-algebra-RR06-0102,1,18
5,4,4,4,2,4,3,-1,2019-calculus-RR03-0956,2,26
4,3,2,2,3,3,5,1,2018-algebra-RR06-0096,1,23
4,1,1,1,0,0,2,0,2018-algebra-RR06-0271,1,9
3,4,2,2,0,2,1,-1,2019-calculus-RR03-1081,2,14
5,5,5,5,3,5,5,-1,2019-calculus-RR03-0616,2,33
5,3,4,2,2,4,5,2,2018-algebra-RR06-0480,1,27
4,4,4,4,3,3,5,3,2018-algebra-RR06-0362,1,30
4,4,2,2,4,0,3,0,2018-algebra-RR06-0488,1,19
3,4,2,4,4,5,3,-1,2018-algebra-RR03-0232,2,25
3,4,2,1,2,2,4,3,2019-algebra-RR06-0367,1,21
5,0,1,1,3,3,1,1,2019-calculus-RR06-1017,1,15
3,2,2,0,1,1,3,1,2018-algebra-RR06-0481,1,13
5,4,2,2,3,0,0,0,2018-algebra-RR06-0446,1,16
5,2,2,2,2,1,4,-1,2019-calculus-RR03-0592,2,18
3,0,1,1,2,0,2,0,2019-calculus-RR06-1094,1,9
3,2,2,2,3,0,0,-1,2019-calculus-RR03-0893,2,12
5,4,4,4,1,3,2,-1,2018-algebra-RR03-0358,2,23
4,2,2,2,1,2,5,3,2018-algebra-RR06-0379,1,21
5,4,4,4,1,2,2,-1,2018-algebra-RR03-0301,2,22
5,5,5,5,5,5,4,-1,2019-calculus-RR03-0836,2,34
2,0,1,0,1,0,3,3,2019-algebra-RR06-0148,1,10
5,5,3,3,2,3,1,-1,2019-calculus-RR03-0586,2,22
0,4,0,0,1,0,2,3,2019-algebra-RR06-0003,1,10
0,2,2,2,0,1,2,-1,2019-algebra-RR03-0461,2,9
0,4,4,4,1,2,0,-1,2019-calculus-RR03-0692,2,15
3,3,2,2,3,3,3,4,2018-algebra-RR06-0147,1,23
1,1,0,0,0,0,0,0,2019-calculus-RR06-0649,1,2
5,4,0,0,4,0,2,0,2018-algebra-RR06-0153,1,15
3,4,4,2,1,2,4,-1,2019-algebra-RR03-0251,2,20
3,0,0,0,3,0,2,4,2019-calculus-RR06-0774,1,12
5,4,4,4,1,5,3,-1,2018-algebra-RR03-0421,2,26
4,4,2,2,2,1,4,4,2019-calculus-RR06-0747,1,23
5,5,5,5,4,2,2,-1,2019-calculus-RR03-0779,2,28
4,3,1,1,3,0,4,3,2019-calculus-RR06-1049,1,19
5,5,5,5,5,5,4,-1,2019-algebra-RR03-0194,2,34
5,4,4,4,2,2,1,-1,2018-calculus-RR03-0752,2,22
5,3,3,3,2,1,3,1,2018-algebra-RR06-0383,1,21
5,5,5,3,3,5,2,-1,2018-algebra-RR03-0010,2,28
5,4,4,4,2,3,1,-1,2018-algebra-RR03-0289,2,23
3,4,4,4,0,4,2,-1,2019-calculus-RR03-1079,2,21
5,4,3,3,2,3,1,0,2018-algebra-RR06-0063,1,21
4,4,2,1,3,1,3,3,2018-algebra-RR06-0232,1,21
3,1,1,1,2,0,3,4,2019-calculus-RR06-1180,1,15
5,5,5,5,4,3,2,-1,2019-algebra-RR03-0125,2,29
5,2,2,2,1,3,3,-1,2018-calculus-RR03-0977,2,18
5,4,4,4,1,5,1,-1,2018-algebra-RR03-0064,2,24
5,3,3,2,1,4,2,-1,2019-algebra-RR03-0004,2,20
3,1,1,1,2,1,3,3,2018-calculus-RR06-0590,1,15
1,1,1,1,1,0,1,0,2019-algebra-RR06-0473,1,6
4,2,2,0,2,0,3,1,2019-calculus-RR06-1035,1,14
3,1,0,0,1,1,2,3,2019-calculus-RR06-0955,1,11
5,4,4,4,2,4,0,-1,2018-calculus-RR03-1019,2,23
5,4,4,5,2,2,4,-1,2019-algebra-RR03-0047,2,26
3,4,2,4,1,1,3,-1,2019-algebra-RR03-0135,2,18
0,2,2,2,0,0,0,-1,2019-calculus-RR03-0530,2,6
3,2,4,2,5,5,3,-1,2018-algebra-RR03-0074,2,24
5,4,4,4,1,4,0,-1,2019-calculus-RR03-0922,2,22
3,2,1,1,2,1,1,1,2018-algebra-RR06-0206,1,12
3,4,4,4,5,2,5,3,2018-calculus-RR06-0686,1,30
5,2,2,2,4,5,3,-1,2018-calculus-RR03-0668,2,23
3,4,2,2,2,3,3,-1,2018-calculus-RR03-0590,2,19
5,1,2,2,1,3,2,0,2018-algebra-RR06-0119,1,16
3,4,4,4,0,3,2,-1,2019-algebra-RR03-0027,2,20
5,3,3,2,1,4,5,-1,2019-calculus-RR03-1048,2,23
3,5,3,2,3,2,3,4,2019-calculus-RR06-1143,1,25
4,0,4,3,2,0,1,3,2019-calculus-RR06-0755,1,17
5,5,5,3,2,5,2,-1,2018-algebra-RR03-0021,2,27
3,5,5,5,4,5,2,-1,2019-calculus-RR03-0550,2,29
3,2,2,2,2,3,0,-1,2018-calculus-RR03-0787,2,14
5,2,2,1,1,5,4,-1,2019-algebra-RR03-0163,2,20
5,4,5,4,2,3,0,-1,2018-algebra-RR03-0294,2,23
3,4,4,2,4,4,3,-1,2019-calculus-RR03-0807,2,24
0,4,4,4,1,3,1,-1,2018-algebra-RR03-0323,2,17
3,3,2,2,0,0,1,4,2019-calculus-RR06-0651,1,15
3,1,2,1,1,2,3,-1,2019-algebra-RR03-0217,2,13
5,2,2,2,1,3,1,-1,2019-calculus-RR03-0608,2,16
3,4,4,4,3,4,2,-1,2019-calculus-RR03-1062,2,24
4,2,2,2,1,3,4,-1,2019-algebra-RR03-0167,2,18
2,1,2,2,1,0,3,3,2019-calculus-RR06-1157,1,14
5,2,4,1,1,5,3,-1,2018-algebra-RR03-0166,2,21
2,3,1,1,2,1,4,0,2019-calculus-RR06-0770,1,14
4,1,1,1,0,0,2,1,2019-calculus-RR06-0979,1,10
5,2,2,2,3,4,3,-1,2018-algebra-RR03-0094,2,21
5,4,4,4,4,2,0,-1,2018-calculus-RR03-0687,2,23
5,5,5,5,0,3,0,-1,2018-calculus-RR03-0746,2,23
5,4,4,4,1,5,1,-1,2019-calculus-RR03-0863,2,24
3,2,0,0,0,0,4,1,2018-calculus-RR06-0842,1,10
5,2,2,2,2,5,1,-1,2018-algebra-RR03-0384,2,19
3,0,2,2,1,0,2,0,2019-calculus-RR06-0766,1,10
3,1,4,4,3,0,4,2,2018-algebra-RR06-0365,1,21
5,3,4,4,2,2,5,3,2018-algebra-RR06-0132,1,28
5,4,4,4,1,1,2,-1,2018-algebra-RR03-0236,2,21
3,5,5,5,4,4,2,-1,2019-calculus-RR03-1021,2,28
3,0,1,1,0,0,2,1,2019-calculus-RR06-0975,1,8
3,2,3,3,3,0,4,4,2018-algebra-RR06-0035,1,22
5,2,2,2,2,5,4,-1,2018-algebra-RR03-0245,2,22
5,2,2,2,3,5,2,-1,2018-algebra-RR03-0104,2,21
3,4,2,1,0,3,0,-1,2018-algebra-RR03-0290,2,13
5,2,2,2,1,5,2,-1,2018-algebra-RR03-0495,2,19
3,4,4,4,2,5,3,-1,2019-calculus-RR03-0987,2,25
5,2,2,3,2,0,2,4,2019-calculus-RR06-1141,1,20
4,3,0,0,3,0,1,0,2019-calculus-RR06-0684,1,11
5,4,4,4,3,5,4,-1,2018-algebra-RR03-0020,2,29
3,4,4,4,3,5,2,-1,2019-algebra-RR03-0110,2,25
4,2,2,2,1,0,3,3,2019-calculus-RR06-1147,1,17
4,0,4,0,4,2,3,-1,2019-algebra-RR03-0109,2,17
3,2,3,3,2,0,2,4,2018-algebra-RR06-0196,1,19
5,2,2,1,1,3,2,-1,2018-algebra-RR03-0494,2,16
4,0,2,2,0,0,2,2,2019-calculus-RR06-0647,1,12
0,0,0,0,0,0,0,0,2019-calculus-RR06-0565,1,0
3,1,0,0,2,3,4,1,2018-algebra-RR06-0077,1,14
5,4,2,4,1,4,0,-1,2019-calculus-RR03-0743,2,20
2,1,1,1,1,0,4,1,2019-calculus-RR06-1155,1,11
5,4,4,3,3,5,3,-1,2018-algebra-RR03-0287,2,27
3,0,1,1,0,0,2,3,2019-algebra-RR06-0432,1,10
2,1,2,2,0,0,2,2,2019-calculus-RR06-0525,1,11
3,3,2,3,2,0,2,4,2019-calculus-RR06-0740,1,19
5,1,2,1,2,5,3,-1,2018-algebra-RR03-0243,2,19
3,0,0,0,1,5,2,-1,2018-algebra-RR03-0458,2,11
4,5,5,5,5,5,4,-1,2018-calculus-RR03-0673,2,33
2,2,2,1,2,0,1,3,2019-calculus-RR06-0628,1,13
5,5,5,5,4,5,0,-1,2018-algebra-RR03-0067,2,29
3,1,1,1,0,0,1,0,2019-algebra-RR06-0188,1,7
3,5,5,5,3,3,3,4,2019-calculus-RR06-0655,1,31
5,3,1,2,1,0,3,2,2019-calculus-RR06-0543,1,17
3,4,4,4,2,3,3,-1,2019-calculus-RR03-0927,2,23
3,4,1,1,2,0,4,0,2018-algebra-RR06-0471,1,15
2,2,2,1,1,1,4,-1,2019-algebra-RR03-0263,2,13
3,2,2,1,0,3,3,-1,2019-algebra-RR03-0017,2,14
5,4,5,5,4,4,2,-1,2019-algebra-RR03-0435,2,29
3,2,1,2,1,0,2,2,2019-calculus-RR06-0716,1,13
5,3,2,2,4,4,4,2,2018-algebra-RR06-0333,1,26
5,2,2,1,1,4,0,-1,2019-calculus-RR03-0507,2,15
5,3,3,3,4,1,5,-1,2019-calculus-RR03-0682,2,24
5,5,1,1,3,1,3,1,2019-calculus-RR06-0857,1,20
3,3,2,2,3,1,4,0,2019-calculus-RR06-0848,1,18
4,4,3,3,5,1,5,5,2018-calculus-RR06-0673,1,30
3,1,3,1,1,0,3,3,2019-algebra-RR06-0363,1,15
5,4,4,2,1,3,3,-1,2019-calculus-RR03-0963,2,22
5,3,2,3,3,5,4,-1,2019-calculus-RR03-0613,2,25
4,0,4,2,0,1,0,-1,2019-calculus-RR03-0897,2,11
3,2,2,1,1,3,3,-1,2019-algebra-RR03-0363,2,15
5,2,3,2,1,3,2,-1,2019-algebra-RR03-0084,2,18
4,1,2,2,2,0,3,5,2019-calculus-RR06-1011,1,19
5,2,3,2,3,4,0,-1,2019-calculus-RR03-0786,2,19
4,1,2,2,0,0,3,1,2019-calculus-RR06-0917,1,13
2,1,2,2,1,0,0,0,2018-algebra-RR06-0133,1,8
3,3,4,4,2,2,2,3,2018-algebra-RR06-0129,1,23
4,1,2,2,1,0,5,3,2019-calculus-RR06-0966,1,18
5,5,5,5,3,5,2,-1,2019-calculus-RR03-0556,2,30
5,2,2,1,0,2,0,-1,2019-calculus-RR03-0953,2,12
2,2,2,1,2,5,0,-1,2019-algebra-RR03-0418,2,14
3,4,4,4,3,3,0,-1,2018-algebra-RR03-0260,2,21
5,1,2,1,1,3,3,-1,2019-calculus-RR03-0769,2,16
5,5,5,5,2,3,5,3,2018-algebra-RR06-0455,1,33
5,2,2,2,0,0,1,3,2019-calculus-RR06-0999,1,15
2,1,1,1,2,0,5,4,2019-algebra-RR06-1121,1,16
5,1,2,1,2,5,2,-1,2019-algebra-RR03-0071,2,18
3,2,2,2,4,3,1,-1,2018-calculus-RR03-0822,2,17
5,4,2,2,1,3,2,-1,2018-algebra-RR03-0399,2,19
0,4,2,0,5,4,3,0,2018-algebra-RR06-1132,1,18
5,2,2,2,0,5,1,-1,2018-algebra-RR03-0073,2,17
5,4,4,4,3,4,3,5,2019-calculus-RR06-1079,1,32
3,2,1,1,0,0,1,2,2019-algebra-RR06-0461,1,10
5,2,3,3,3,0,5,0,2019-calculus-RR06-1176,1,21
4,4,2,2,3,0,4,4,2019-calculus-RR06-0937,1,23
3,3,2,0,0,0,1,0,2018-algebra-RR06-1108,1,9
5,2,2,2,1,3,0,-1,2019-algebra-RR03-0213,2,15
3,1,0,0,0,0,2,3,2019-calculus-RR06-1144,1,9
2,2,2,2,1,5,0,-1,2018-algebra-RR03-0372,2,14
0,4,2,2,4,4,0,-1,2019-calculus-RR03-0500,2,16
4,5,4,4,4,2,5,4,2018-calculus-RR06-0661,1,32
3,5,5,3,1,5,4,-1,2019-calculus-RR03-0532,2,26
3,1,2,2,2,2,4,3,2019-calculus-RR06-0939,1,19
5,4,4,4,3,2,4,-1,2018-calculus-RR03-0661,2,26
3,1,2,1,1,3,3,-1,2019-algebra-RR03-0282,2,14
3,2,2,2,4,3,0,-1,2019-calculus-RR03-1017,2,16
5,3,3,3,4,5,3,-1,2018-algebra-RR03-0433,2,26
2,0,2,2,0,0,3,4,2019-algebra-RR06-0263,1,13
0,2,2,2,1,2,3,-1,2019-algebra-RR03-0193,2,12
3,1,2,2,2,4,3,4,2018-algebra-RR06-0347,1,21
4,5,2,2,2,1,4,3,2019-calculus-RR06-0935,1,23
0,4,4,2,1,3,2,-1,2019-calculus-RR03-0544,2,16
5,4,2,2,1,0,3,0,2018-calculus-RR06-1064,1,17
4,3,4,4,2,0,5,5,2018-algebra-RR06-0354,1,27
5,1,2,2,4,1,4,3,2018-algebra-RR06-0170,1,22
5,4,2,2,5,3,2,4,2019-calculus-RR06-1168,1,27
0,4,4,4,1,0,0,-1,2019-calculus-RR03-0523,2,13
4,1,1,1,0,1,2,0,2018-algebra-RR06-0400,1,10
5,0,0,0,2,0,1,1,2019-algebra-RR06-0262,1,9
3,1,0,0,2,0,3,2,2018-algebra-RR06-0131,1,11
2,0,2,2,0,0,5,1,2019-calculus-RR06-0531,1,12
5,3,3,3,2,4,5,-1,2019-calculus-RR03-0914,2,25
3,4,4,4,3,1,5,3,2018-calculus-RR06-0702,1,27
4,3,3,3,3,2,5,3,2018-algebra-RR06-0392,1,26
4,4,4,4,3,3,4,-1,2018-algebra-RR03-0055,2,26
5,2,2,1,0,3,1,-1,2019-calculus-RR03-0580,2,14
5,4,4,4,2,3,2,-1,2018-algebra-RR03-0268,2,24
5,2,2,2,0,5,2,-1,2019-calculus-RR03-0985,2,18
5,5,5,5,4,5,4,-1,2019-calculus-RR03-0725,2,33
3,2,1,1,3,1,3,5,2019-algebra-RR06-0052,1,19
5,2,2,2,2,3,2,-1,2019-calculus-RR03-0711,2,18
5,1,2,1,3,3,3,3,2019-algebra-RR06-0259,1,21
5,5,5,5,5,5,3,-1,2019-calculus-RR03-0583,2,33
3,3,4,4,1,2,2,3,2018-algebra-RR06-0395,1,22
3,3,3,3,0,0,3,3,2019-calculus-RR06-1099,1,18
5,2,2,1,1,3,1,-1,2019-algebra-RR03-0075,2,15
3,0,2,0,2,1,3,1,2019-calculus-RR06-1186,1,12
5,2,2,2,1,3,4,-1,2019-algebra-RR03-0434,2,19
5,4,4,5,1,3,4,-1,2019-calculus-RR03-0681,2,26
5,1,3,1,2,5,2,-1,2019-calculus-RR03-0945,2,19
3,2,3,2,0,4,1,-1,2019-calculus-RR03-0531,2,15
0,2,2,2,3,5,0,-1,2019-calculus-RR03-1106,2,14
5,2,2,2,1,0,5,5,2019-calculus-RR06-0522,1,22
3,4,4,4,1,4,3,-1,2018-algebra-RR03-0325,2,23
4,4,3,3,2,0,2,3,2019-calculus-RR06-1175,1,21
5,0,2,1,1,0,1,3,2019-algebra-RR06-0145,1,13
5,4,3,3,4,3,4,3,2018-algebra-RR06-0088,1,29
5,5,5,5,4,2,1,-1,2019-calculus-RR03-1067,2,27
3,1,1,1,1,0,4,3,2019-algebra-RR06-0149,1,14
3,2,2,2,3,0,1,-1,2019-algebra-RR03-0307,2,13
5,2,2,2,3,4,3,-1,2019-calculus-RR03-1056,2,21
5,3,2,2,2,0,2,0,2019-calculus-RR06-0667,1,16
0,2,1,1,2,0,0,0,2019-calculus-RR06-1100,1,6
3,2,4,4,2,0,2,4,2019-calculus-RR06-1169,1,21
1,1,2,2,1,0,2,4,2019-calculus-RR06-0808,1,13
3,5,5,5,0,2,0,-1,2019-algebra-RR03-0473,2,20
5,1,2,1,1,3,5,-1,2018-calculus-RR03-0763,2,18
3,0,1,1,2,0,2,1,2019-calculus-RR06-0938,1,10
3,0,2,1,1,2,2,-1,2019-calculus-RR03-0756,2,11
3,4,4,3,3,5,3,-1,2019-calculus-RR03-0840,2,25
5,4,4,4,4,5,5,-1,2019-algebra-RR03-0367,2,31
0,2,2,2,2,2,0,-1,2019-calculus-RR03-0635,2,10
5,4,2,4,3,5,3,-1,2018-algebra-RR03-0354,2,26
4,4,3,3,2,3,3,4,2018-algebra-RR06-0419,1,26
5,3,2,2,1,0,3,4,2018-algebra-RR06-0343,1,20
4,1,0,0,0,1,2,3,2019-algebra-RR06-0285,1,11
5,2,4,2,2,4,2,-1,2019-algebra-RR03-0394,2,21
3,3,3,3,2,3,0,-1,2019-calculus-RR03-0674,2,17
4,3,2,2,2,0,5,4,2019-calculus-RR06-0904,1,22
3,4,3,3,3,1,4,5,2019-calculus-RR06-0553,1,26
3,3,2,2,2,1,3,4,2019-calculus-RR06-0662,1,20
5,4,4,4,1,3,0,-1,2019-calculus-RR03-0667,2,21
5,5,5,3,4,5,3,-1,2019-calculus-RR03-0920,2,30
0,3,3,3,4,1,5,0,2018-algebra-RR06-0244,1,19
3,3,1,1,1,0,2,4,2019-calculus-RR06-1087,1,15
3,4,1,0,1,2,2,3,2019-calculus-RR06-0672,1,16
3,1,1,1,2,1,1,0,2019-calculus-RR06-0830,1,10
5,2,4,2,0,3,3,-1,2019-calculus-RR03-1051,2,19
4,2,2,2,2,4,2,-1,2019-calculus-RR03-0555,2,18
0,2,1,1,2,0,1,0,2019-calculus-RR06-0942,1,7
4,1,2,3,2,0,5,3,2019-calculus-RR06-0502,1,20
5,2,2,2,1,2,5,-1,2019-calculus-RR03-0808,2,19
3,0,0,0,1,0,1,1,2019-calculus-RR06-0805,1,6
5,3,5,3,3,2,3,-1,2018-algebra-RR03-0364,2,24
3,2,2,2,3,1,2,0,2018-algebra-RR06-0303,1,15
5,4,4,4,4,3,2,-1,2018-algebra-RR03-0447,2,26
5,3,3,3,0,5,0,-1,2018-algebra-RR03-0271,2,19
2,5,5,3,1,3,1,-1,2019-calculus-RR03-1092,2,20
3,4,2,0,2,0,1,3,2019-calculus-RR06-0835,1,15
5,5,2,4,3,3,1,-1,2019-calculus-RR03-0797,2,23
2,1,1,0,2,2,4,0,2019-calculus-RR06-1053,1,12
0,0,0,0,0,2,0,-1,2018-algebra-RR03-0133,2,2
5,4,4,4,2,3,2,-1,2018-algebra-RR03-0415,2,24
4,5,5,5,3,5,2,-1,2019-calculus-RR03-0874,2,29
5,2,2,2,1,2,0,-1,2018-algebra-RR03-0429,2,14
5,3,3,3,5,5,3,-1,2019-calculus-RR03-0642,2,27
5,5,4,3,4,3,5,3,2018-algebra-RR06-0326,1,32
3,0,1,1,1,0,2,5,2019-calculus-RR06-1051,1,13
5,3,1,1,2,1,4,3,2018-algebra-RR06-0420,1,20
5,4,3,2,3,0,1,3,2019-calculus-RR06-0690,1,21
4,3,3,3,2,0,4,3,2019-calculus-RR06-1096,1,22
4,2,1,1,2,0,3,1,2018-calculus-RR06-0734,1,14
4,4,2,2,4,3,4,1,2018-algebra-RR06-0175,1,24
5,5,5,5,5,3,4,-1,2018-algebra-RR03-0050,2,32
5,2,3,1,3,5,2,-1,2019-calculus-RR03-0782,2,21
5,2,1,1,2,0,1,0,2019-algebra-RR06-0318,1,12
5,3,3,4,3,5,2,-1,2019-calculus-RR03-0527,2,25
4,4,2,2,3,2,4,4,2018-calculus-RR06-0589,1,25
5,4,4,4,3,1,3,3,2019-calculus-RR06-0892,1,27
3,2,3,3,2,1,2,1,2018-algebra-RR06-0494,1,17
5,1,3,3,2,0,5,4,2019-algebra-RR06-0053,1,23
1,3,3,3,3,4,5,4,2018-algebra-RR06-0116,1,26
5,4,4,4,3,2,2,-1,2019-calculus-RR03-0643,2,24
3,1,2,2,1,0,3,1,2019-calculus-RR06-0524,1,13
1,3,3,3,4,5,2,-1,2018-calculus-RR03-1024,2,21
5,5,5,5,3,5,2,-1,2019-algebra-RR03-0411,2,30
3,0,1,1,2,0,2,3,2019-algebra-RR06-0255,1,12
5,2,2,1,1,5,2,-1,2019-algebra-RR03-0189,2,18
3,2,2,2,1,4,1,-1,2019-calculus-RR03-1009,2,15
2,5,4,3,0,1,1,-1,2019-calculus-RR03-0792,2,16
2,4,2,4,0,3,4,-1,2019-algebra-RR03-0296,2,19
3,3,3,3,3,3,3,-1,2018-algebra-RR03-0288,2,21
5,4,5,5,2,2,3,5,2019-calculus-RR06-0907,1,31
3,1,4,4,4,4,3,3,2018-calculus-RR06-1183,1,26
3,2,2,2,2,3,1,-1,2019-algebra-RR03-0105,2,15
4,5,4,5,3,5,2,-1,2019-calculus-RR03-0919,2,28
4,4,5,5,3,3,4,5,2018-algebra-RR06-0062,1,33
4,3,3,3,2,5,0,-1,2019-calculus-RR03-1083,2,20
5,4,2,4,3,5,2,-1,2018-algebra-RR03-0322,2,25
3,0,2,0,1,3,0,-1,2019-calculus-RR03-1020,2,9
3,4,2,2,0,0,3,3,2018-algebra-RR06-0330,1,17
5,2,2,2,5,0,2,3,2019-calculus-RR06-0637,1,21
0,0,2,0,1,2,0,-1,2018-algebra-RR03-0190,2,5
5,4,2,4,2,3,3,-1,2018-algebra-RR03-0191,2,23
3,1,2,2,1,0,0,0,2019-calculus-RR06-0958,1,9
3,2,2,2,2,3,4,-1,2019-calculus-RR03-0724,2,18
5,5,5,5,5,5,4,-1,2018-algebra-RR03-0338,2,34
5,5,4,4,1,4,2,-1,2019-calculus-RR03-0619,2,25
3,4,4,4,3,5,3,-1,2018-algebra-RR03-0300,2,26
3,0,1,1,3,0,3,3,2019-calculus-RR06-1084,1,14
1,1,1,1,1,0,0,3,2018-algebra-RR06-0405,1,8
5,2,2,2,1,3,4,-1,2019-calculus-RR03-0968,2,19
3,2,2,1,0,1,4,4,2019-algebra-RR06-0079,1,17
3,4,1,1,0,0,4,3,2019-calculus-RR06-0812,1,16
5,5,5,5,5,5,4,-1,2018-algebra-RR03-0336,2,34
4,3,1,1,5,2,2,3,2018-algebra-RR06-0211,1,21
3,3,3,3,5,5,2,-1,2018-algebra-RR03-0211,2,24
4,5,5,5,5,5,4,-1,2019-calculus-RR03-1016,2,33
5,2,5,3,4,1,4,-1,2019-calculus-RR03-0722,2,24
5,1,2,0,3,0,3,5,2019-calculus-RR06-1013,1,19
3,0,2,2,0,2,3,4,2019-calculus-RR06-0801,1,16
3,0,2,2,0,0,3,5,2019-calculus-RR06-0858,1,15
5,4,4,4,3,5,5,-1,2019-calculus-RR03-0747,2,30
5,2,2,2,1,5,4,-1,2018-algebra-RR03-0445,2,21
3,5,5,5,5,5,4,-1,2019-calculus-RR03-0996,2,32
3,3,1,1,3,0,2,3,2019-calculus-RR06-0894,1,16
3,4,1,1,2,0,4,1,2019-calculus-RR06-0614,1,16
3,0,1,2,0,0,3,3,2019-calculus-RR06-0666,1,12
3,1,2,2,1,0,3,0,2019-calculus-RR06-0592,1,12
5,4,2,2,5,2,3,3,2018-calculus-RR06-0992,1,26
3,2,2,2,1,4,2,-1,2019-calculus-RR03-0983,2,16
5,4,4,4,0,3,2,-1,2019-calculus-RR03-1069,2,22
0,2,2,2,2,3,2,-1,2019-calculus-RR03-1100,2,13
5,4,4,4,4,5,2,-1,2018-calculus-RR03-0656,2,28
3,4,3,3,0,0,3,1,2019-calculus-RR06-0701,1,17
3,0,3,2,1,0,3,0,2019-calculus-RR06-0954,1,12
4,5,3,3,4,2,5,5,2019-calculus-RR06-0793,1,31
5,4,4,4,2,5,2,-1,2018-algebra-RR03-0154,2,26
5,4,4,3,3,2,2,3,2019-calculus-RR06-0677,1,26
5,3,1,1,4,0,3,1,2019-calculus-RR06-0540,1,18
5,3,3,3,4,3,4,-1,2019-algebra-RR03-0087,2,25
3,2,2,2,1,4,2,-1,2019-calculus-RR03-0958,2,16
5,2,2,2,1,2,3,-1,2018-algebra-RR03-0115,2,17
2,4,0,0,4,3,2,4,2019-calculus-RR06-0639,1,19
4,4,2,2,2,0,3,1,2018-calculus-RR06-0824,1,18
3,4,3,3,1,1,0,3,2018-algebra-RR06-0331,1,18
3,4,4,4,1,1,3,-1,2019-calculus-RR03-0690,2,20
5,2,2,2,2,2,1,-1,2019-calculus-RR03-0981,2,16
3,4,4,4,1,5,2,-1,2018-algebra-RR03-0401,2,23
0,2,4,1,0,1,0,-1,2019-calculus-RR03-1101,2,8
5,3,2,2,2,2,0,-1,2019-algebra-RR03-0162,2,16
5,4,4,4,2,5,1,-1,2018-algebra-RR03-0031,2,25
5,3,3,3,3,4,2,-1,2019-algebra-RR03-0451,2,23
3,4,3,3,3,3,4,3,2018-algebra-RR06-0323,1,26
4,3,3,3,1,2,3,4,2018-algebra-RR06-0360,1,23
3,4,4,4,4,4,3,-1,2019-algebra-RR03-0366,2,26
2,1,2,2,3,0,5,4,2019-calculus-RR06-0945,1,19
5,2,2,2,1,3,2,-1,2019-algebra-RR03-0051,2,17
3,3,3,3,2,2,3,-1,2019-calculus-RR03-0825,2,19
5,4,4,4,4,3,2,-1,2019-calculus-RR03-0624,2,26
3,1,1,1,0,0,1,1,2019-algebra-RR06-0256,1,8
0,4,4,4,4,2,1,-1,2019-calculus-RR03-0554,2,19
3,3,2,2,0,0,0,0,2019-calculus-RR06-0831,1,10
0,1,0,0,0,0,0,0,2019-calculus-RR06-0623,1,1
3,1,1,1,1,0,2,0,2018-algebra-RR06-0355,1,9
4,1,0,0,1,0,3,2,2019-calculus-RR06-1104,1,11
0,4,3,3,3,0,1,3,2018-algebra-RR06-0138,1,17
0,0,0,0,2,0,0,-1,2018-algebra-RR03-0361,2,2
5,2,2,2,3,4,0,-1,2018-algebra-RR03-0001,2,18
3,2,2,2,2,2,2,-1,2019-calculus-RR03-0865,2,15
5,4,4,4,3,4,3,-1,2018-algebra-RR03-0028,2,27
3,2,2,2,0,0,3,4,2018-algebra-RR06-0309,1,16
5,0,2,2,0,2,0,-1,2019-calculus-RR03-0636,2,11
5,4,4,1,4,5,2,-1,2018-algebra-RR03-0218,2,25
3,1,2,1,1,1,1,1,2018-algebra-RR06-0458,1,11
3,4,2,0,3,0,2,5,2019-calculus-RR06-0557,1,19
4,2,3,4,3,0,5,2,2019-calculus-RR06-0926,1,23
3,0,2,2,1,0,5,0,2018-algebra-RR06-0225,1,13
3,0,1,1,0,1,2,0,2019-algebra-RR06-0417,1,8
3,1,2,2,2,0,3,3,2019-calculus-RR06-1078,1,16
5,2,2,1,2,3,4,-1,2018-algebra-RR03-0181,2,19
3,1,3,3,4,0,4,5,2019-calculus-RR06-0638,1,23
4,4,1,1,0,0,4,4,2019-calculus-RR06-0574,1,18
1,0,0,0,0,0,2,2,2019-algebra-RR06-0470,1,5
5,4,2,2,4,0,3,3,2019-calculus-RR06-0640,1,23
5,5,5,5,2,3,0,-1,2019-calculus-RR03-0760,2,25
3,0,3,0,4,0,2,2,2019-algebra-RR06-0437,1,14
3,2,2,1,1,3,0,-1,2019-calculus-RR03-0587,2,12
5,4,4,4,3,4,3,-1,2019-calculus-RR03-0793,2,27
3,2,2,2,1,4,2,-1,2019-calculus-RR03-1018,2,16
5,5,4,4,2,0,4,3,2018-algebra-RR06-0328,1,27
5,3,3,3,2,5,2,-1,2019-calculus-RR03-0823,2,23
3,2,3,3,3,0,2,2,2019-algebra-RR06-0464,1,18
5,5,4,4,3,0,4,3,2018-algebra-RR06-0349,1,28
3,4,4,4,2,2,0,-1,2018-algebra-RR03-0341,2,19
5,1,2,2,3,3,4,5,2018-algebra-RR06-0230,1,25
3,2,2,1,3,0,3,3,2019-algebra-RR06-0156,1,17
3,1,3,1,3,0,2,3,2019-calculus-RR06-0504,1,16
5,3,1,1,3,0,2,1,2019-algebra-RR06-0386,1,16
5,2,2,0,1,3,0,-1,2018-algebra-RR03-0388,2,13
1,1,1,0,2,0,3,4,2019-algebra-RR06-0434,1,12
3,1,2,2,0,0,3,3,2019-calculus-RR06-0794,1,14
3,4,3,4,1,4,1,-1,2018-algebra-RR03-0327,2,20
4,3,2,2,2,1,2,0,2018-algebra-RR06-0353,1,16
4,5,3,3,4,4,5,5,2019-calculus-RR06-1021,1,33
3,3,3,3,0,1,2,2,2018-calculus-RR06-1102,1,17
5,5,5,5,4,5,0,-1,2018-algebra-RR03-0170,2,29
0,2,2,1,0,3,0,-1,2019-calculus-RR03-0513,2,8
3,4,3,3,4,0,3,1,2018-algebra-RR06-0139,1,21
1,1,1,1,2,0,2,3,2019-algebra-RR06-0269,1,11
3,1,1,1,4,0,2,3,2018-algebra-RR06-0324,1,15
5,3,3,3,1,4,4,-1,2019-calculus-RR03-0600,2,23
3,4,4,4,2,4,3,-1,2019-calculus-RR03-1103,2,24
3,2,1,1,1,1,0,3,2019-calculus-RR06-0631,1,12
5,0,1,1,0,0,3,1,2019-calculus-RR06-0946,1,11
5,4,4,4,4,5,3,-1,2018-algebra-RR03-0342,2,29
2,0,1,1,0,0,4,3,2019-calculus-RR06-0729,1,11
3,4,3,3,2,0,2,0,2019-algebra-RR06-0373,1,17
2,2,3,3,1,5,2,-1,2018-algebra-RR03-0126,2,18
3,1,2,2,1,0,4,4,2018-algebra-RR06-0344,1,17
5,3,3,3,1,4,2,-1,2019-calculus-RR03-0564,2,21
3,2,2,2,1,4,0,-1,2018-algebra-RR03-0489,2,14
5,2,2,2,2,2,5,3,2018-algebra-RR06-0380,1,23
2,3,3,2,2,0,4,4,2019-calculus-RR06-0748,1,20
1,2,3,2,1,2,2,-1,2019-calculus-RR03-0850,2,13
5,4,4,4,2,5,2,-1,2018-calculus-RR03-0947,2,26
3,2,3,3,2,5,4,-1,2018-algebra-RR03-0398,2,22
5,4,2,4,3,4,0,-1,2018-algebra-RR03-0347,2,22
5,4,4,4,3,0,3,3,2019-calculus-RR06-1082,1,26
5,4,4,4,0,5,0,-1,2018-algebra-RR03-0477,2,22
3,5,5,5,2,2,3,-1,2019-algebra-RR03-0259,2,25
5,2,2,2,4,3,2,-1,2019-calculus-RR03-0520,2,20
3,5,5,5,4,5,2,-1,2019-calculus-RR03-1003,2,29
0,0,2,0,2,2,2,-1,2019-algebra-RR03-0222,2,8
5,4,4,4,1,4,2,-1,2019-calculus-RR03-0777,2,24
3,2,0,0,1,0,2,2,2019-calculus-RR06-0931,1,10
5,4,2,4,3,4,0,-1,2018-algebra-RR03-0375,2,22
5,0,3,3,1,0,2,1,2019-calculus-RR06-0838,1,15
5,4,4,4,1,4,4,-1,2019-calculus-RR03-1025,2,26
2,0,1,1,2,1,0,3,2019-calculus-RR06-0758,1,10
3,2,0,0,1,0,2,4,2019-calculus-RR06-1170,1,12
5,3,3,3,1,3,4,-1,2019-calculus-RR03-0670,2,22
0,1,0,0,0,0,0,0,2019-calculus-RR06-0513,1,1
3,2,1,1,3,1,1,3,2019-calculus-RR06-0712,1,15
3,4,4,3,2,0,3,3,2019-calculus-RR06-0832,1,22
3,2,1,1,0,0,2,1,2019-algebra-RR06-0158,1,10
5,2,4,2,2,4,2,-1,2019-calculus-RR03-0644,2,21
3,1,1,1,1,0,0,4,2019-calculus-RR06-0579,1,11
5,2,2,2,3,3,1,-1,2018-algebra-RR03-0246,2,18
3,2,2,2,1,2,0,0,2018-algebra-RR06-0387,1,12
5,2,2,2,1,2,0,-1,2019-algebra-RR03-0199,2,14
4,2,1,1,3,2,4,4,2018-algebra-RR06-0304,1,21
3,1,1,1,1,0,4,3,2019-algebra-RR06-0250,1,14
3,4,4,4,2,3,4,-1,2019-calculus-RR03-0629,2,24
5,1,1,1,1,1,2,5,2019-algebra-RR06-0167,1,17
5,5,5,5,3,5,2,-1,2018-algebra-RR03-0460,2,30
1,0,2,2,3,1,2,1,2018-algebra-RR06-0204,1,12
0,2,1,0,1,1,2,0,2018-algebra-RR06-0191,1,7
3,2,2,2,1,4,0,-1,2018-algebra-RR03-0204,2,14
4,2,2,2,3,3,3,-1,2018-algebra-RR03-0152,2,19
5,2,2,1,1,2,1,-1,2019-calculus-RR03-0584,2,14
5,2,2,2,0,0,2,2,2019-algebra-RR06-0272,1,15
5,2,1,2,1,0,3,5,2019-algebra-RR06-0165,1,19
3,0,1,1,0,0,3,4,2019-algebra-RR06-0319,1,12
4,3,3,3,3,1,3,3,2018-algebra-RR06-0124,1,23
3,1,2,0,3,1,1,0,2018-algebra-RR06-1107,1,11
3,1,1,0,0,0,1,1,2019-algebra-RR06-0197,1,7
3,4,4,1,3,1,2,-1,2019-calculus-RR03-1001,2,18
5,2,4,2,3,5,2,-1,2018-algebra-RR03-0413,2,23
2,2,2,1,3,4,0,-1,2018-calculus-RR03-1102,2,14
5,2,2,2,1,2,3,-1,2019-calculus-RR03-0626,2,17
5,2,3,2,1,5,4,-1,2019-calculus-RR03-0858,2,22
