,year,essay_number,essay_ID,essay_version,ground_truth,pyramid_name,output_vector,identifier,is_file_found,Dimension 1,Dimension 2,Dimension 3,Dimension 4,Dimension 5,Dimension 6
12,2023.0,1.0,T3_PN2_ROW9,O,1.0,,"[1, 1, 0, 1, 1, 1]",1O1,True,1,1,0,1,1,1
13,2023.0,1.0,T3_PN4_ROW6,O,1.0,,"[1, 1, 0, 0, 0, 1]",1O1,True,1,1,0,0,0,1
16,2023.0,1.0,essay_energy.mass.3.190@test.com,O,1.0,,"[0, 0, 1, 1, 1, 1]",1O1,True,0,0,1,1,1,1
17,2023.0,1.0,essay_energy.mass.3.235@test.com,O,1.0,,"[1, 0, 1, 1, 1, 1]",1O1,True,1,0,1,1,1,1
19,2023.0,1.0,essay_energy.mass.3.412@test.com,O,1.0,,"[1, 1, 0, 1, 1, 0]",1O1,True,1,1,0,1,1,0
20,2023.0,1.0,essay_energy.mass.3.457@test.com,O,1.0,,"[1, 1, 1, 0, 1, 1]",1O1,True,1,1,1,0,1,1
23,2023.0,1.0,essay_energy.mass.3.592@test.com,O,1.0,,"[0, 1, 0, 1, 1, 1]",1O1,True,0,1,0,1,1,1
25,2023.0,1.0,essay_energy.mass.3.667@test.com,O,1.0,,"[1, 0, 0, 1, 1, 1]",1O1,True,1,0,0,1,1,1
28,2023.0,1.0,essay_energy.mass.3.721@test.com,O,1.0,,"[1, 1, 1, 1, 1, 1]",1O1,True,1,1,1,1,1,1
29,2023.0,1.0,essay_energy.mass.3.724@test.com,O,1.0,,"[1, 1, 1, 1, 1, 1]",1O1,True,1,1,1,1,1,1
32,2023.0,1.0,essay_energy.mass.3.769@test.com,O,1.0,,"[1, 1, 1, 1, 1, 1]",1O1,True,1,1,1,1,1,1
33,2023.0,1.0,essay_energy.mass.3.796@test.com,O,1.0,,"[1, 1, 1, 1, 1, 1]",1O1,True,1,1,1,1,1,1
37,2023.0,1.0,essay_energy.mass.3.946@test.com,O,1.0,,"[1, 1, 1, 1, 1, 1]",1O1,True,1,1,1,1,1,1
38,2023.0,1.0,essay_energy.mass.3.988@test.com,O,1.0,,"[1, 1, 1, 1, 1, 1]",1O1,True,1,1,1,1,1,1
45,2023.0,1.0,64210fcbc9a8df7fa3d2a2d6,O,1.0,,"[1, 1, 0, 1, 0, 1]",1O1,True,1,1,0,1,0,1
48,2023.0,1.0,64210fcec9a8df7fa3d2a306,O,1.0,,"[1, 1, 1, 0, 1, 1]",1O1,True,1,1,1,0,1,1
49,2023.0,1.0,64210fd1c9a8df7fa3d2a322,O,1.0,,"[1, 1, 0, 1, 1, 0]",1O1,True,1,1,0,1,1,0
50,2023.0,1.0,64210fd2c9a8df7fa3d2a32e,O,1.0,,"[0, 1, 1, 1, 1, 0]",1O1,True,0,1,1,1,1,0
52,2023.0,1.0,64210fd5c9a8df7fa3d2a356,O,1.0,,"[1, 0, 1, 0, 1, 1]",1O1,True,1,0,1,0,1,1
56,2023.0,1.0,64210fdec9a8df7fa3d2a3ca,O,1.0,,"[0, 1, 0, 0, 0, 0]",1O1,True,0,1,0,0,0,0
61,2023.0,1.0,6459950794c9f2071335ed05,O,1.0,,"[1, 0, 0, 0, 0, 1]",1O1,True,1,0,0,0,0,1
62,2023.0,1.0,6459950794c9f2071335ed09,O,1.0,,"[0, 0, 0, 0, 1, 0]",1O1,True,0,0,0,0,1,0
64,2023.0,1.0,6459950b94c9f2071335ed39,O,1.0,,"[0, 0, 0, 0, 1, 1]",1O1,True,0,0,0,0,1,1
72,2023.0,1.0,6459951594c9f2071335edb1,O,1.0,,"[1, 0, 0, 0, 1, 1]",1O1,True,1,0,0,0,1,1
73,2023.0,1.0,6459951594c9f2071335edb9,O,1.0,,"[1, 1, 1, 1, 1, 0]",1O1,True,1,1,1,1,1,0
74,2023.0,1.0,6459951994c9f2071335edf1,O,1.0,,"[0, 0, 0, 1, 1, 1]",1O1,True,0,0,0,1,1,1
77,2023.0,1.0,6459951e94c9f2071335ee2d,O,1.0,,"[0, 0, 0, 0, 1, 1]",1O1,True,0,0,0,0,1,1
79,2023.0,1.0,6459952294c9f2071335ee61,O,1.0,,"[0, 0, 0, 0, 0, 0]",1O1,True,0,0,0,0,0,0
80,2023.0,1.0,6459943b94c9f2071335bc79,O,1.0,,"[1, 1, 1, 1, 1, 1]",1O1,True,1,1,1,1,1,1
84,2023.0,1.0,6459943f94c9f2071335bca9,O,1.0,,"[1, 1, 1, 1, 1, 1]",1O1,True,1,1,1,1,1,1
89,2023.0,1.0,6459944794c9f2071335bd05,O,1.0,,"[1, 1, 1, 1, 1, 1]",1O1,True,1,1,1,1,1,1
91,2023.0,1.0,6459944b94c9f2071335bd35,O,1.0,,"[1, 1, 1, 0, 0, 1]",1O1,True,1,1,1,0,0,1
92,2023.0,1.0,6459944b94c9f2071335bd39,O,1.0,,"[1, 1, 0, 0, 1, 1]",1O1,True,1,1,0,0,1,1
95,2023.0,1.0,6459945094c9f2071335bd75,O,1.0,,"[1, 1, 1, 1, 1, 0]",1O1,True,1,1,1,1,1,0
96,2023.0,1.0,6459945494c9f2071335bdb1,O,1.0,,"[1, 0, 1, 1, 1, 1]",1O1,True,1,0,1,1,1,1
97,2023.0,1.0,6459945594c9f2071335bdb9,O,1.0,,"[1, 0, 0, 0, 1, 1]",1O1,True,1,0,0,0,1,1
98,2023.0,1.0,6459945694c9f2071335bdcd,O,1.0,,"[0, 0, 1, 0, 0, 0]",1O1,True,0,0,1,0,0,0
101,2023.0,1.0,64210fc4c9a8df7fa3d2a28a_R,R,1.0,,"[1, 1, 1, 0, 1, 1]",1R1,True,1,1,1,0,1,1
103,2023.0,1.0,64210fc8c9a8df7fa3d2a2b2_R,R,1.0,,"[0, 1, 1, 1, 1, 1]",1R1,True,0,1,1,1,1,1
108,2023.0,1.0,64210fcec9a8df7fa3d2a306_R,R,1.0,,"[1, 1, 1, 1, 1, 1]",1R1,True,1,1,1,1,1,1
109,2023.0,1.0,64210fd1c9a8df7fa3d2a322_R,R,1.0,,"[1, 1, 0, 1, 1, 0]",1R1,True,1,1,0,1,1,0
115,2023.0,1.0,64210fddc9a8df7fa3d2a3ba_R,R,1.0,,"[1, 1, 1, 1, 1, 1]",1R1,True,1,1,1,1,1,1
121,2023.0,1.0,6459950794c9f2071335ed05_R,R,1.0,,"[1, 0, 0, 0, 0, 1]",1R1,True,1,0,0,0,0,1
122,2023.0,1.0,6459950794c9f2071335ed09_R,R,1.0,,"[0, 0, 1, 1, 1, 0]",1R1,True,0,0,1,1,1,0
126,2023.0,1.0,6459950e94c9f2071335ed59_R,R,1.0,,"[0, 1, 1, 1, 1, 1]",1R1,True,0,1,1,1,1,1
131,2023.0,1.0,6459951394c9f2071335ed9d_R,R,1.0,,"[0, 0, 1, 0, 1, 0]",1R1,True,0,0,1,0,1,0
133,2023.0,1.0,6459951594c9f2071335edb9_R,R,1.0,,"[1, 1, 1, 1, 1, 0]",1R1,True,1,1,1,1,1,0
141,2023.0,1.0,6459943d94c9f2071335bc8d_R,R,1.0,,"[1, 0, 1, 1, 1, 1]",1R1,True,1,0,1,1,1,1
143,2023.0,1.0,6459943f94c9f2071335bca5_R,R,1.0,,"[1, 0, 0, 1, 1, 1]",1R1,True,1,0,0,1,1,1
145,2023.0,1.0,6459944094c9f2071335bcb5_R,R,1.0,,"[0, 1, 1, 1, 1, 1]",1R1,True,0,1,1,1,1,1
150,2023.0,1.0,6459944894c9f2071335bd11_R,R,1.0,,"[0, 1, 1, 0, 1, 0]",1R1,True,0,1,1,0,1,0
155,2023.0,1.0,6459945094c9f2071335bd75_R,R,1.0,,"[1, 1, 1, 1, 1, 0]",1R1,True,1,1,1,1,1,0
156,2023.0,1.0,6459945494c9f2071335bdb1_R,R,1.0,,"[1, 0, 1, 1, 1, 1]",1R1,True,1,0,1,1,1,1
158,2023.0,1.0,6459945694c9f2071335bdcd_R,R,1.0,,"[1, 1, 1, 1, 0, 1]",1R1,True,1,1,1,1,0,1
159,2023.0,1.0,6459945994c9f2071335bde9_R,R,1.0,,"[0, 1, 1, 0, 1, 1]",1R1,True,0,1,1,0,1,1
218,2023.0,1.0,64210fc2c9a8df7fa3d2a276,O,0.0,20221207.0,"[1, 1, 0, 0, 0, 0]",1O0,True,1,1,0,0,0,0
219,2023.0,1.0,64210fc3c9a8df7fa3d2a27e,O,0.0,20221207.0,"[0, 1, 1, 0, 1, 1]",1O0,True,0,1,1,0,1,1
220,2023.0,1.0,64210fc3c9a8df7fa3d2a282,O,0.0,20221207.0,"[1, 0, 0, 1, 1, 1]",1O0,True,1,0,0,1,1,1
221,2023.0,1.0,64210fc4c9a8df7fa3d2a286,O,0.0,20221207.0,"[1, 1, 1, 1, 1, 1]",1O0,True,1,1,1,1,1,1
222,2023.0,1.0,64210fc4c9a8df7fa3d2a28a,O,0.0,20221207.0,"[0, 1, 1, 0, 1, 1]",1O0,True,0,1,1,0,1,1
223,2023.0,1.0,64210fc5c9a8df7fa3d2a28e,O,0.0,20221207.0,"[1, 1, 1, 1, 1, 1]",1O0,True,1,1,1,1,1,1
224,2023.0,1.0,64210fc5c9a8df7fa3d2a292,O,0.0,20221207.0,"[1, 1, 1, 1, 1, 1]",1O0,True,1,1,1,1,1,1
225,2023.0,1.0,64210fc5c9a8df7fa3d2a296,O,0.0,20221207.0,"[1, 1, 0, 1, 1, 1]",1O0,True,1,1,0,1,1,1
226,2023.0,1.0,64210fc6c9a8df7fa3d2a29a,O,0.0,20221207.0,"[0, 0, 1, 1, 1, 0]",1O0,True,0,0,1,1,1,0
227,2023.0,1.0,64210fc6c9a8df7fa3d2a29e,O,0.0,20221207.0,"[1, 1, 1, 0, 0, 1]",1O0,True,1,1,1,0,0,1
228,2023.0,1.0,64210fc6c9a8df7fa3d2a2a2,O,0.0,20221207.0,"[1, 0, 1, 0, 1, 0]",1O0,True,1,0,1,0,1,0
229,2023.0,1.0,64210fc7c9a8df7fa3d2a2a6,O,0.0,20221207.0,"[1, 0, 0, 1, 1, 1]",1O0,True,1,0,0,1,1,1
230,2023.0,1.0,64210fc7c9a8df7fa3d2a2aa,O,0.0,20221207.0,"[1, 1, 1, 0, 1, 0]",1O0,True,1,1,1,0,1,0
231,2023.0,1.0,64210fc7c9a8df7fa3d2a2ae,O,0.0,20221207.0,"[1, 0, 1, 0, 1, 0]",1O0,True,1,0,1,0,1,0
232,2023.0,1.0,64210fc8c9a8df7fa3d2a2b2,O,0.0,20221207.0,"[0, 1, 0, 0, 0, 0]",1O0,True,0,1,0,0,0,0
233,2023.0,1.0,64210fc8c9a8df7fa3d2a2b6,O,0.0,20221207.0,"[1, 0, 1, 1, 1, 1]",1O0,True,1,0,1,1,1,1
234,2023.0,1.0,64210fc8c9a8df7fa3d2a2ba,O,0.0,20221207.0,"[1, 0, 1, 1, 1, 1]",1O0,True,1,0,1,1,1,1
235,2023.0,1.0,64210fc9c9a8df7fa3d2a2be,O,0.0,20221207.0,"[0, 0, 0, 0, 0, 0]",1O0,True,0,0,0,0,0,0
236,2023.0,1.0,64210fc9c9a8df7fa3d2a2c2,O,0.0,20221207.0,"[1, 0, 1, 0, 0, 1]",1O0,True,1,0,1,0,0,1
237,2023.0,1.0,64210fc9c9a8df7fa3d2a2c6,O,0.0,20221207.0,"[1, 1, 0, 1, 1, 1]",1O0,True,1,1,0,1,1,1
238,2023.0,1.0,64210fcac9a8df7fa3d2a2ca,O,0.0,20221207.0,"[1, 0, 0, 1, 1, 1]",1O0,True,1,0,0,1,1,1
239,2023.0,1.0,64210fcac9a8df7fa3d2a2ce,O,0.0,20221207.0,"[1, 1, 0, 1, 1, 1]",1O0,True,1,1,0,1,1,1
240,2023.0,1.0,64210fcac9a8df7fa3d2a2d2,O,0.0,20221207.0,"[0, 1, 1, 1, 0, 1]",1O0,True,0,1,1,1,0,1
241,2023.0,1.0,64210fcbc9a8df7fa3d2a2d6,O,0.0,20221207.0,"[1, 0, 1, 1, 1, 1]",1O0,True,1,0,1,1,1,1
242,2023.0,1.0,64210fcbc9a8df7fa3d2a2da,O,0.0,20221207.0,"[0, 1, 0, 1, 1, 0]",1O0,True,0,1,0,1,1,0
243,2023.0,1.0,64210fcbc9a8df7fa3d2a2de,O,0.0,20221207.0,"[1, 0, 0, 0, 1, 1]",1O0,True,1,0,0,0,1,1
244,2023.0,1.0,64210fccc9a8df7fa3d2a2e2,O,0.0,20221207.0,"[1, 1, 1, 1, 1, 1]",1O0,True,1,1,1,1,1,1
245,2023.0,1.0,642b4898802ee324e0c93201,O,0.0,20221207.0,"[1, 0, 1, 1, 1, 1]",1O0,True,1,0,1,1,1,1
246,2023.0,1.0,64210fccc9a8df7fa3d2a2e6,O,0.0,20221207.0,"[0, 1, 1, 0, 1, 1]",1O0,True,0,1,1,0,1,1
247,2023.0,1.0,64210fccc9a8df7fa3d2a2ea,O,0.0,20221207.0,"[1, 1, 0, 1, 1, 1]",1O0,True,1,1,0,1,1,1
249,2023.0,1.0,64210fcdc9a8df7fa3d2a2f2,O,0.0,20221207.0,"[1, 1, 0, 1, 1, 0]",1O0,True,1,1,0,1,1,0
251,2023.0,1.0,64210fcdc9a8df7fa3d2a2fa,O,0.0,20221207.0,"[1, 1, 0, 1, 1, 1]",1O0,True,1,1,0,1,1,1
252,2023.0,1.0,64210fcec9a8df7fa3d2a2fe,O,0.0,20221207.0,"[0, 0, 0, 0, 1, 1]",1O0,True,0,0,0,0,1,1
253,2023.0,1.0,64210fcec9a8df7fa3d2a306,O,0.0,20221207.0,"[1, 1, 1, 1, 1, 1]",1O0,True,1,1,1,1,1,1
254,2023.0,1.0,64210fcfc9a8df7fa3d2a30a,O,0.0,20221207.0,"[1, 1, 0, 1, 1, 1]",1O0,True,1,1,0,1,1,1
255,2023.0,1.0,64210fcfc9a8df7fa3d2a30e,O,0.0,20221207.0,"[0, 0, 0, 0, 0, 0]",1O0,True,0,0,0,0,0,0
256,2023.0,1.0,64210fd0c9a8df7fa3d2a316,O,0.0,20221207.0,"[1, 1, 1, 1, 1, 1]",1O0,True,1,1,1,1,1,1
257,2023.0,1.0,64210fd0c9a8df7fa3d2a31a,O,0.0,20221207.0,"[1, 1, 1, 1, 1, 1]",1O0,True,1,1,1,1,1,1
258,2023.0,1.0,64210fd0c9a8df7fa3d2a31e,O,0.0,20221207.0,"[1, 1, 1, 1, 1, 1]",1O0,True,1,1,1,1,1,1
259,2023.0,1.0,64210fd1c9a8df7fa3d2a322,O,0.0,20221207.0,"[1, 0, 0, 1, 1, 1]",1O0,True,1,0,0,1,1,1
260,2023.0,1.0,64210fd1c9a8df7fa3d2a326,O,0.0,20221207.0,"[1, 1, 1, 1, 1, 1]",1O0,True,1,1,1,1,1,1
261,2023.0,1.0,64210fd1c9a8df7fa3d2a32a,O,0.0,20221207.0,"[1, 0, 0, 1, 1, 0]",1O0,True,1,0,0,1,1,0
263,2023.0,1.0,64210fd2c9a8df7fa3d2a332,O,0.0,20221207.0,"[0, 0, 0, 1, 1, 1]",1O0,True,0,0,0,1,1,1
264,2023.0,1.0,64210fd2c9a8df7fa3d2a336,O,0.0,20221207.0,"[0, 0, 1, 1, 1, 1]",1O0,True,0,0,1,1,1,1
265,2023.0,1.0,64210fd2c9a8df7fa3d2a33a,O,0.0,20221207.0,"[1, 0, 1, 1, 1, 1]",1O0,True,1,0,1,1,1,1
266,2023.0,1.0,64210fd3c9a8df7fa3d2a33e,O,0.0,20221207.0,"[1, 1, 1, 1, 1, 1]",1O0,True,1,1,1,1,1,1
267,2023.0,1.0,64210fd3c9a8df7fa3d2a342,O,0.0,20221207.0,"[1, 0, 1, 0, 1, 1]",1O0,True,1,0,1,0,1,1
268,2023.0,1.0,64210fd3c9a8df7fa3d2a346,O,0.0,20221207.0,"[0, 0, 0, 0, 0, 0]",1O0,True,0,0,0,0,0,0
269,2023.0,1.0,64210fd4c9a8df7fa3d2a34a,O,0.0,20221207.0,"[1, 1, 1, 1, 1, 1]",1O0,True,1,1,1,1,1,1
270,2023.0,1.0,64210fd4c9a8df7fa3d2a34e,O,0.0,20221207.0,"[1, 1, 1, 1, 0, 1]",1O0,True,1,1,1,1,0,1
271,2023.0,1.0,64210fd4c9a8df7fa3d2a352,O,0.0,20221207.0,"[1, 1, 0, 1, 1, 1]",1O0,True,1,1,0,1,1,1
272,2023.0,1.0,64210fd5c9a8df7fa3d2a356,O,0.0,20221207.0,"[1, 1, 1, 1, 1, 1]",1O0,True,1,1,1,1,1,1
273,2023.0,1.0,64210fd5c9a8df7fa3d2a35a,O,0.0,20221207.0,"[1, 1, 0, 0, 1, 0]",1O0,True,1,1,0,0,1,0
274,2023.0,1.0,64210fd5c9a8df7fa3d2a35e,O,0.0,20221207.0,"[1, 1, 0, 1, 1, 0]",1O0,True,1,1,0,1,1,0
275,2023.0,1.0,64210fd6c9a8df7fa3d2a362,O,0.0,20221207.0,"[1, 0, 0, 0, 1, 0]",1O0,True,1,0,0,0,1,0
276,2023.0,1.0,64210fd6c9a8df7fa3d2a366,O,0.0,20221207.0,"[1, 0, 0, 0, 1, 1]",1O0,True,1,0,0,0,1,1
277,2023.0,1.0,64210fd6c9a8df7fa3d2a36a,O,0.0,20221207.0,"[1, 0, 1, 1, 1, 0]",1O0,True,1,0,1,1,1,0
279,2023.0,1.0,64210fd7c9a8df7fa3d2a372,O,0.0,20221207.0,"[1, 1, 1, 1, 1, 1]",1O0,True,1,1,1,1,1,1
280,2023.0,1.0,64210fd7c9a8df7fa3d2a376,O,0.0,20221207.0,"[1, 1, 0, 0, 1, 0]",1O0,True,1,1,0,0,1,0
281,2023.0,1.0,64210fd7c9a8df7fa3d2a37a,O,0.0,20221207.0,"[1, 0, 0, 0, 1, 1]",1O0,True,1,0,0,0,1,1
283,2023.0,1.0,64210fd8c9a8df7fa3d2a386,O,0.0,20221207.0,"[1, 1, 1, 0, 1, 1]",1O0,True,1,1,1,0,1,1
284,2023.0,1.0,64210fd9c9a8df7fa3d2a38a,O,0.0,20221207.0,"[1, 1, 0, 0, 1, 1]",1O0,True,1,1,0,0,1,1
286,2023.0,1.0,64210fd9c9a8df7fa3d2a392,O,0.0,20221207.0,"[1, 1, 1, 1, 1, 1]",1O0,True,1,1,1,1,1,1
287,2023.0,1.0,64210fdac9a8df7fa3d2a396,O,0.0,20221207.0,"[1, 1, 0, 1, 1, 1]",1O0,True,1,1,0,1,1,1
288,2023.0,1.0,64210fdac9a8df7fa3d2a39a,O,0.0,20221207.0,"[1, 1, 1, 1, 1, 1]",1O0,True,1,1,1,1,1,1
290,2023.0,1.0,64210fdcc9a8df7fa3d2a3ae,O,0.0,20221207.0,"[1, 1, 0, 0, 1, 1]",1O0,True,1,1,0,0,1,1
291,2023.0,1.0,64210fdcc9a8df7fa3d2a3b2,O,0.0,20221207.0,"[1, 1, 0, 1, 1, 1]",1O0,True,1,1,0,1,1,1
292,2023.0,1.0,64210fdcc9a8df7fa3d2a3b6,O,0.0,20221207.0,"[1, 1, 0, 1, 1, 1]",1O0,True,1,1,0,1,1,1
294,2023.0,1.0,64210fddc9a8df7fa3d2a3be,O,0.0,20221207.0,"[1, 1, 0, 1, 1, 1]",1O0,True,1,1,0,1,1,1
295,2023.0,1.0,64210fddc9a8df7fa3d2a3c2,O,0.0,20221207.0,"[1, 1, 1, 1, 1, 1]",1O0,True,1,1,1,1,1,1
297,2023.0,1.0,64210fdec9a8df7fa3d2a3ca,O,0.0,20221207.0,"[0, 1, 0, 0, 1, 1]",1O0,True,0,1,0,0,1,1
298,2023.0,1.0,64210fdec9a8df7fa3d2a3ce,O,0.0,20221207.0,"[1, 0, 1, 1, 1, 1]",1O0,True,1,0,1,1,1,1
299,2023.0,1.0,64210fdfc9a8df7fa3d2a3d2,O,0.0,20221207.0,"[0, 1, 1, 1, 0, 0]",1O0,True,0,1,1,1,0,0
301,2023.0,1.0,64210fdfc9a8df7fa3d2a3da,O,0.0,20221207.0,"[0, 0, 1, 0, 1, 1]",1O0,True,0,0,1,0,1,1
302,2023.0,1.0,64210fe0c9a8df7fa3d2a3de,O,0.0,20221207.0,"[0, 0, 1, 1, 1, 1]",1O0,True,0,0,1,1,1,1
303,2023.0,1.0,64210fe0c9a8df7fa3d2a3e2,O,0.0,20221207.0,"[1, 0, 0, 0, 1, 1]",1O0,True,1,0,0,0,1,1
304,2023.0,1.0,64210fe0c9a8df7fa3d2a3e6,O,0.0,20221207.0,"[1, 0, 0, 0, 1, 0]",1O0,True,1,0,0,0,1,0
305,2023.0,1.0,64210fe0c9a8df7fa3d2a3ea,O,0.0,20221207.0,"[0, 0, 0, 0, 1, 1]",1O0,True,0,0,0,0,1,1
306,2023.0,1.0,64210fe1c9a8df7fa3d2a3ee,O,0.0,20221207.0,"[1, 1, 1, 1, 1, 1]",1O0,True,1,1,1,1,1,1
308,2023.0,1.0,64210fe1c9a8df7fa3d2a3f6,O,0.0,20221207.0,"[1, 1, 0, 0, 1, 0]",1O0,True,1,1,0,0,1,0
309,2023.0,1.0,64210fe2c9a8df7fa3d2a3fa,O,0.0,20221207.0,"[1, 1, 0, 0, 0, 0]",1O0,True,1,1,0,0,0,0
311,2023.0,1.0,64210fe2c9a8df7fa3d2a402,O,0.0,20221207.0,"[1, 1, 1, 0, 1, 0]",1O0,True,1,1,1,0,1,0
312,2023.0,1.0,64210fe3c9a8df7fa3d2a406,O,0.0,20221207.0,"[0, 0, 0, 1, 1, 1]",1O0,True,0,0,0,1,1,1
313,2023.0,1.0,64210fe3c9a8df7fa3d2a40a,O,0.0,20221207.0,"[1, 1, 0, 1, 1, 1]",1O0,True,1,1,0,1,1,1
314,2023.0,1.0,64210fe4c9a8df7fa3d2a40e,O,0.0,20221207.0,"[1, 0, 0, 1, 1, 1]",1O0,True,1,0,0,1,1,1
315,2023.0,1.0,64211204c9a8df7fa3d2b727,O,0.0,20221207.0,"[1, 1, 1, 0, 1, 1]",1O0,True,1,1,1,0,1,1
316,2023.0,1.0,64211204c9a8df7fa3d2b72b,O,0.0,20221207.0,"[1, 1, 1, 1, 1, 1]",1O0,True,1,1,1,1,1,1
317,2023.0,1.0,64211205c9a8df7fa3d2b72f,O,0.0,20221207.0,"[1, 1, 0, 1, 1, 1]",1O0,True,1,1,0,1,1,1
318,2023.0,1.0,64211206c9a8df7fa3d2b733,O,0.0,20221207.0,"[1, 0, 0, 0, 1, 1]",1O0,True,1,0,0,0,1,1
319,2023.0,1.0,64211207c9a8df7fa3d2b73b,O,0.0,20221207.0,"[1, 1, 1, 1, 1, 1]",1O0,True,1,1,1,1,1,1
321,2023.0,1.0,64211208c9a8df7fa3d2b747,O,0.0,20221207.0,"[1, 1, 0, 0, 0, 1]",1O0,True,1,1,0,0,0,1
322,2023.0,1.0,64211209c9a8df7fa3d2b74b,O,0.0,20221207.0,"[1, 0, 0, 1, 1, 0]",1O0,True,1,0,0,1,1,0
323,2023.0,1.0,64211209c9a8df7fa3d2b74f,O,0.0,20221207.0,"[1, 1, 1, 1, 1, 1]",1O0,True,1,1,1,1,1,1
324,2023.0,1.0,6421120ac9a8df7fa3d2b753,O,0.0,20221207.0,"[1, 0, 1, 0, 1, 1]",1O0,True,1,0,1,0,1,1
325,2023.0,1.0,6421120ac9a8df7fa3d2b757,O,0.0,20221207.0,"[1, 1, 0, 1, 1, 1]",1O0,True,1,1,0,1,1,1
326,2023.0,1.0,6421120bc9a8df7fa3d2b75b,O,0.0,20221207.0,"[1, 0, 1, 0, 1, 1]",1O0,True,1,0,1,0,1,1
327,2023.0,1.0,6421120cc9a8df7fa3d2b763,O,0.0,20221207.0,"[1, 1, 0, 1, 1, 0]",1O0,True,1,1,0,1,1,0
328,2023.0,1.0,6421120cc9a8df7fa3d2b767,O,0.0,20221207.0,"[1, 1, 0, 0, 1, 1]",1O0,True,1,1,0,0,1,1
329,2023.0,1.0,6421120dc9a8df7fa3d2b76b,O,0.0,20221207.0,"[1, 1, 1, 1, 1, 1]",1O0,True,1,1,1,1,1,1
330,2023.0,1.0,6421120dc9a8df7fa3d2b76f,O,0.0,20221207.0,"[1, 1, 0, 1, 1, 0]",1O0,True,1,1,0,1,1,0
331,2023.0,1.0,6421120ec9a8df7fa3d2b773,O,0.0,20221207.0,"[1, 1, 1, 1, 1, 1]",1O0,True,1,1,1,1,1,1
332,2023.0,1.0,6421120ec9a8df7fa3d2b777,O,0.0,20221207.0,"[0, 1, 0, 0, 1, 1]",1O0,True,0,1,0,0,1,1
333,2023.0,1.0,6421120fc9a8df7fa3d2b77b,O,0.0,20221207.0,"[1, 1, 1, 1, 1, 1]",1O0,True,1,1,1,1,1,1
334,2023.0,1.0,64211210c9a8df7fa3d2b783,O,0.0,20221207.0,"[1, 0, 1, 0, 1, 0]",1O0,True,1,0,1,0,1,0
335,2023.0,1.0,64211211c9a8df7fa3d2b787,O,0.0,20221207.0,"[1, 1, 0, 1, 1, 1]",1O0,True,1,1,0,1,1,1
336,2023.0,1.0,64211211c9a8df7fa3d2b78b,O,0.0,20221207.0,"[1, 1, 1, 1, 1, 1]",1O0,True,1,1,1,1,1,1
337,2023.0,1.0,64211212c9a8df7fa3d2b793,O,0.0,20221207.0,"[1, 1, 0, 1, 1, 1]",1O0,True,1,1,0,1,1,1
338,2023.0,1.0,64211213c9a8df7fa3d2b797,O,0.0,20221207.0,"[1, 1, 1, 0, 1, 1]",1O0,True,1,1,1,0,1,1
339,2023.0,1.0,64211214c9a8df7fa3d2b79f,O,0.0,20221207.0,"[1, 1, 1, 1, 1, 1]",1O0,True,1,1,1,1,1,1
342,2023.0,1.0,64211217c9a8df7fa3d2b7af,O,0.0,20221207.0,"[1, 1, 1, 1, 1, 1]",1O0,True,1,1,1,1,1,1
343,2023.0,1.0,64211217c9a8df7fa3d2b7b3,O,0.0,20221207.0,"[1, 1, 1, 0, 1, 1]",1O0,True,1,1,1,0,1,1
344,2023.0,1.0,64211218c9a8df7fa3d2b7b7,O,0.0,20221207.0,"[1, 1, 1, 1, 1, 1]",1O0,True,1,1,1,1,1,1
345,2023.0,1.0,64211218c9a8df7fa3d2b7bb,O,0.0,20221207.0,"[1, 1, 1, 1, 1, 1]",1O0,True,1,1,1,1,1,1
346,2023.0,1.0,64211219c9a8df7fa3d2b7bf,O,0.0,20221207.0,"[1, 0, 0, 1, 1, 0]",1O0,True,1,0,0,1,1,0
347,2023.0,1.0,64211219c9a8df7fa3d2b7c3,O,0.0,20221207.0,"[0, 0, 0, 0, 1, 0]",1O0,True,0,0,0,0,1,0
348,2023.0,1.0,6421121ac9a8df7fa3d2b7c7,O,0.0,20221207.0,"[1, 1, 1, 1, 1, 1]",1O0,True,1,1,1,1,1,1
349,2023.0,1.0,6421121ac9a8df7fa3d2b7cb,O,0.0,20221207.0,"[1, 1, 0, 1, 1, 1]",1O0,True,1,1,0,1,1,1
351,2023.0,1.0,6421121bc9a8df7fa3d2b7d3,O,0.0,20221207.0,"[1, 1, 0, 0, 0, 1]",1O0,True,1,1,0,0,0,1
352,2023.0,1.0,6421121cc9a8df7fa3d2b7d7,O,0.0,20221207.0,"[1, 1, 1, 1, 1, 1]",1O0,True,1,1,1,1,1,1
353,2023.0,1.0,6421121cc9a8df7fa3d2b7db,O,0.0,20221207.0,"[1, 1, 1, 1, 1, 1]",1O0,True,1,1,1,1,1,1
354,2023.0,1.0,6421121dc9a8df7fa3d2b7df,O,0.0,20221207.0,"[0, 1, 1, 0, 1, 0]",1O0,True,0,1,1,0,1,0
355,2023.0,1.0,6421121ec9a8df7fa3d2b7e3,O,0.0,20221207.0,"[0, 0, 0, 0, 1, 0]",1O0,True,0,0,0,0,1,0
356,2023.0,1.0,6421121fc9a8df7fa3d2b7eb,O,0.0,20221207.0,"[1, 1, 1, 1, 1, 1]",1O0,True,1,1,1,1,1,1
357,2023.0,1.0,6421121fc9a8df7fa3d2b7ef,O,0.0,20221207.0,"[1, 1, 1, 1, 1, 1]",1O0,True,1,1,1,1,1,1
358,2023.0,1.0,64211220c9a8df7fa3d2b7f3,O,0.0,20221207.0,"[1, 1, 1, 1, 1, 1]",1O0,True,1,1,1,1,1,1
359,2023.0,1.0,64211220c9a8df7fa3d2b7f7,O,0.0,20221207.0,"[0, 1, 1, 0, 1, 0]",1O0,True,0,1,1,0,1,0
360,2023.0,1.0,64211221c9a8df7fa3d2b7fb,O,0.0,20221207.0,"[1, 1, 1, 1, 1, 1]",1O0,True,1,1,1,1,1,1
361,2023.0,1.0,64211222c9a8df7fa3d2b7ff,O,0.0,20221207.0,"[1, 1, 1, 1, 1, 0]",1O0,True,1,1,1,1,1,0
362,2023.0,1.0,64211222c9a8df7fa3d2b803,O,0.0,20221207.0,"[1, 1, 1, 1, 1, 1]",1O0,True,1,1,1,1,1,1
363,2023.0,1.0,64211223c9a8df7fa3d2b80b,O,0.0,20221207.0,"[0, 0, 0, 1, 1, 0]",1O0,True,0,0,0,1,1,0
364,2023.0,1.0,64211224c9a8df7fa3d2b80f,O,0.0,20221207.0,"[1, 1, 1, 1, 1, 0]",1O0,True,1,1,1,1,1,0
365,2023.0,1.0,64211224c9a8df7fa3d2b813,O,0.0,20221207.0,"[1, 1, 0, 1, 1, 0]",1O0,True,1,1,0,1,1,0
366,2023.0,1.0,64211225c9a8df7fa3d2b81b,O,0.0,20221207.0,"[1, 1, 0, 0, 1, 1]",1O0,True,1,1,0,0,1,1
367,2023.0,1.0,64211226c9a8df7fa3d2b81f,O,0.0,20221207.0,"[0, 0, 0, 0, 1, 0]",1O0,True,0,0,0,0,1,0
368,2023.0,1.0,64211226c9a8df7fa3d2b823,O,0.0,20221207.0,"[1, 1, 1, 1, 1, 1]",1O0,True,1,1,1,1,1,1
369,2023.0,1.0,64211227c9a8df7fa3d2b827,O,0.0,20221207.0,"[0, 0, 0, 0, 1, 0]",1O0,True,0,0,0,0,1,0
370,2023.0,1.0,64211227c9a8df7fa3d2b82b,O,0.0,20221207.0,"[1, 1, 1, 0, 1, 1]",1O0,True,1,1,1,0,1,1
371,2023.0,1.0,64211228c9a8df7fa3d2b82f,O,0.0,20221207.0,"[1, 1, 1, 1, 1, 1]",1O0,True,1,1,1,1,1,1
372,2023.0,1.0,64211228c9a8df7fa3d2b833,O,0.0,20221207.0,"[0, 1, 1, 1, 1, 0]",1O0,True,0,1,1,1,1,0
373,2023.0,1.0,64211229c9a8df7fa3d2b837,O,0.0,20221207.0,"[1, 1, 1, 0, 1, 1]",1O0,True,1,1,1,0,1,1
374,2023.0,1.0,6421122ac9a8df7fa3d2b83f,O,0.0,20221207.0,"[1, 1, 1, 1, 1, 1]",1O0,True,1,1,1,1,1,1
375,2023.0,1.0,6421122ac9a8df7fa3d2b843,O,0.0,20221207.0,"[1, 1, 1, 1, 1, 1]",1O0,True,1,1,1,1,1,1
376,2023.0,1.0,6421122bc9a8df7fa3d2b847,O,0.0,20221207.0,"[1, 1, 1, 1, 1, 1]",1O0,True,1,1,1,1,1,1
377,2023.0,1.0,6421122dc9a8df7fa3d2b857,O,0.0,20221207.0,"[1, 1, 1, 0, 1, 1]",1O0,True,1,1,1,0,1,1
378,2023.0,1.0,6421122ec9a8df7fa3d2b85f,O,0.0,20221207.0,"[0, 1, 1, 0, 1, 1]",1O0,True,0,1,1,0,1,1
379,2023.0,1.0,6421122ec9a8df7fa3d2b863,O,0.0,20221207.0,"[1, 1, 0, 0, 1, 1]",1O0,True,1,1,0,0,1,1
380,2023.0,1.0,6421122ec9a8df7fa3d2b867,O,0.0,20221207.0,"[1, 1, 0, 1, 1, 1]",1O0,True,1,1,0,1,1,1
381,2023.0,1.0,6421122fc9a8df7fa3d2b86f,O,0.0,20221207.0,"[1, 1, 1, 0, 1, 1]",1O0,True,1,1,1,0,1,1
382,2023.0,1.0,64211230c9a8df7fa3d2b873,O,0.0,20221207.0,"[1, 1, 1, 1, 1, 1]",1O0,True,1,1,1,1,1,1
383,2023.0,1.0,64211230c9a8df7fa3d2b877,O,0.0,20221207.0,"[1, 1, 1, 1, 1, 1]",1O0,True,1,1,1,1,1,1
384,2023.0,1.0,64211231c9a8df7fa3d2b87b,O,0.0,20221207.0,"[1, 1, 1, 1, 1, 1]",1O0,True,1,1,1,1,1,1
385,2023.0,1.0,64211232c9a8df7fa3d2b87f,O,0.0,20221207.0,"[1, 1, 0, 0, 1, 1]",1O0,True,1,1,0,0,1,1
386,2023.0,1.0,64211232c9a8df7fa3d2b883,O,0.0,20221207.0,"[0, 0, 0, 0, 1, 0]",1O0,True,0,0,0,0,1,0
387,2023.0,1.0,64211233c9a8df7fa3d2b88b,O,0.0,20221207.0,"[1, 1, 0, 1, 1, 1]",1O0,True,1,1,0,1,1,1
388,2023.0,1.0,64211234c9a8df7fa3d2b893,O,0.0,20221207.0,"[1, 0, 0, 0, 1, 1]",1O0,True,1,0,0,0,1,1
389,2023.0,1.0,64211235c9a8df7fa3d2b897,O,0.0,20221207.0,"[1, 1, 1, 0, 1, 1]",1O0,True,1,1,1,0,1,1
390,2023.0,1.0,64211235c9a8df7fa3d2b89b,O,0.0,20221207.0,"[1, 1, 1, 1, 1, 1]",1O0,True,1,1,1,1,1,1
391,2023.0,1.0,64211236c9a8df7fa3d2b89f,O,0.0,20221207.0,"[1, 1, 1, 1, 1, 1]",1O0,True,1,1,1,1,1,1
392,2023.0,1.0,64211237c9a8df7fa3d2b8a3,O,0.0,20221207.0,"[1, 1, 0, 1, 1, 1]",1O0,True,1,1,0,1,1,1
393,2023.0,1.0,64211237c9a8df7fa3d2b8a7,O,0.0,20221207.0,"[1, 1, 0, 1, 1, 1]",1O0,True,1,1,0,1,1,1
394,2023.0,1.0,64211238c9a8df7fa3d2b8ab,O,0.0,20221207.0,"[1, 1, 1, 1, 1, 1]",1O0,True,1,1,1,1,1,1
395,2023.0,1.0,64211187c9a8df7fa3d2b133,O,0.0,20221207.0,"[0, 1, 1, 0, 1, 0]",1O0,True,0,1,1,0,1,0
396,2023.0,1.0,64211189c9a8df7fa3d2b13f,O,0.0,20221207.0,"[1, 1, 1, 0, 1, 1]",1O0,True,1,1,1,0,1,1
397,2023.0,1.0,6421118ac9a8df7fa3d2b147,O,0.0,20221207.0,"[0, 0, 0, 0, 0, 1]",1O0,True,0,0,0,0,0,1
398,2023.0,1.0,6421118bc9a8df7fa3d2b153,O,0.0,20221207.0,"[1, 1, 1, 0, 1, 1]",1O0,True,1,1,1,0,1,1
400,2023.0,1.0,6421118ec9a8df7fa3d2b167,O,0.0,20221207.0,"[1, 0, 1, 1, 1, 1]",1O0,True,1,0,1,1,1,1
401,2023.0,1.0,6421118ec9a8df7fa3d2b16b,O,0.0,20221207.0,"[1, 1, 0, 0, 1, 1]",1O0,True,1,1,0,0,1,1
402,2023.0,1.0,6421118fc9a8df7fa3d2b173,O,0.0,20221207.0,"[1, 0, 0, 0, 1, 1]",1O0,True,1,0,0,0,1,1
403,2023.0,1.0,64211190c9a8df7fa3d2b177,O,0.0,20221207.0,"[1, 0, 1, 1, 1, 1]",1O0,True,1,0,1,1,1,1
404,2023.0,1.0,64211190c9a8df7fa3d2b17b,O,0.0,20221207.0,"[1, 1, 0, 1, 1, 1]",1O0,True,1,1,0,1,1,1
405,2023.0,1.0,64211191c9a8df7fa3d2b17f,O,0.0,20221207.0,"[1, 1, 1, 0, 1, 1]",1O0,True,1,1,1,0,1,1
406,2023.0,1.0,64211191c9a8df7fa3d2b183,O,0.0,20221207.0,"[1, 1, 1, 1, 1, 1]",1O0,True,1,1,1,1,1,1
407,2023.0,1.0,64211192c9a8df7fa3d2b187,O,0.0,20221207.0,"[1, 1, 0, 0, 1, 0]",1O0,True,1,1,0,0,1,0
408,2023.0,1.0,64211192c9a8df7fa3d2b18b,O,0.0,20221207.0,"[1, 1, 1, 1, 0, 1]",1O0,True,1,1,1,1,0,1
409,2023.0,1.0,64211192c9a8df7fa3d2b18f,O,0.0,20221207.0,"[1, 1, 1, 1, 1, 1]",1O0,True,1,1,1,1,1,1
411,2023.0,1.0,64211194c9a8df7fa3d2b19b,O,0.0,20221207.0,"[1, 1, 1, 1, 0, 1]",1O0,True,1,1,1,1,0,1
413,2023.0,1.0,64211195c9a8df7fa3d2b1a7,O,0.0,20221207.0,"[1, 0, 0, 0, 1, 0]",1O0,True,1,0,0,0,1,0
414,2023.0,1.0,64211196c9a8df7fa3d2b1ab,O,0.0,20221207.0,"[1, 1, 1, 1, 1, 1]",1O0,True,1,1,1,1,1,1
416,2023.0,1.0,64211197c9a8df7fa3d2b1b3,O,0.0,20221207.0,"[1, 0, 1, 1, 1, 1]",1O0,True,1,0,1,1,1,1
417,2023.0,1.0,64211197c9a8df7fa3d2b1b7,O,0.0,20221207.0,"[1, 0, 1, 0, 1, 1]",1O0,True,1,0,1,0,1,1
418,2023.0,1.0,64211198c9a8df7fa3d2b1bf,O,0.0,20221207.0,"[1, 0, 1, 1, 1, 0]",1O0,True,1,0,1,1,1,0
419,2023.0,1.0,64211199c9a8df7fa3d2b1c7,O,0.0,20221207.0,"[1, 1, 0, 1, 1, 1]",1O0,True,1,1,0,1,1,1
420,2023.0,1.0,6421119ac9a8df7fa3d2b1cf,O,0.0,20221207.0,"[1, 1, 0, 1, 0, 1]",1O0,True,1,1,0,1,0,1
422,2023.0,1.0,6421119cc9a8df7fa3d2b1db,O,0.0,20221207.0,"[1, 1, 0, 1, 1, 1]",1O0,True,1,1,0,1,1,1
423,2023.0,1.0,6421119cc9a8df7fa3d2b1df,O,0.0,20221207.0,"[1, 1, 1, 0, 1, 1]",1O0,True,1,1,1,0,1,1
424,2023.0,1.0,6421119dc9a8df7fa3d2b1e3,O,0.0,20221207.0,"[0, 1, 1, 0, 1, 1]",1O0,True,0,1,1,0,1,1
427,2023.0,1.0,642110aec9a8df7fa3d2a88f,O,0.0,20221207.0,"[0, 0, 0, 0, 0, 0]",1O0,True,0,0,0,0,0,0
428,2023.0,1.0,642110aec9a8df7fa3d2a893,O,0.0,20221207.0,"[1, 1, 1, 1, 1, 1]",1O0,True,1,1,1,1,1,1
429,2023.0,1.0,642110afc9a8df7fa3d2a8a3,O,0.0,20221207.0,"[1, 0, 0, 1, 1, 0]",1O0,True,1,0,0,1,1,0
430,2023.0,1.0,642110afc9a8df7fa3d2a8a7,O,0.0,20221207.0,"[0, 0, 0, 0, 1, 0]",1O0,True,0,0,0,0,1,0
432,2023.0,1.0,642110b1c9a8df7fa3d2a8b3,O,0.0,20221207.0,"[0, 0, 1, 1, 1, 1]",1O0,True,0,0,1,1,1,1
433,2023.0,1.0,642110b2c9a8df7fa3d2a8bf,O,0.0,20221207.0,"[1, 1, 1, 1, 1, 1]",1O0,True,1,1,1,1,1,1
434,2023.0,1.0,642110b2c9a8df7fa3d2a8c7,O,0.0,20221207.0,"[1, 1, 0, 0, 1, 0]",1O0,True,1,1,0,0,1,0
435,2023.0,1.0,642110b3c9a8df7fa3d2a8cf,O,0.0,20221207.0,"[1, 1, 0, 0, 1, 1]",1O0,True,1,1,0,0,1,1
436,2023.0,1.0,642110b3c9a8df7fa3d2a8d3,O,0.0,20221207.0,"[1, 0, 1, 1, 1, 1]",1O0,True,1,0,1,1,1,1
437,2023.0,1.0,642110b5c9a8df7fa3d2a8e7,O,0.0,20221207.0,"[1, 1, 1, 1, 1, 1]",1O0,True,1,1,1,1,1,1
438,2023.0,1.0,642110b5c9a8df7fa3d2a8eb,O,0.0,20221207.0,"[1, 1, 1, 1, 1, 1]",1O0,True,1,1,1,1,1,1
439,2023.0,1.0,642110b6c9a8df7fa3d2a8f3,O,0.0,20221207.0,"[0, 0, 0, 0, 1, 1]",1O0,True,0,0,0,0,1,1
441,2023.0,1.0,642110b7c9a8df7fa3d2a8ff,O,0.0,20221207.0,"[1, 0, 0, 0, 1, 0]",1O0,True,1,0,0,0,1,0
442,2023.0,1.0,642110b7c9a8df7fa3d2a907,O,0.0,20221207.0,"[1, 1, 1, 0, 1, 1]",1O0,True,1,1,1,0,1,1
443,2023.0,1.0,642110b8c9a8df7fa3d2a90b,O,0.0,20221207.0,"[1, 1, 1, 1, 1, 1]",1O0,True,1,1,1,1,1,1
444,2023.0,1.0,642110b9c9a8df7fa3d2a913,O,0.0,20221207.0,"[1, 1, 1, 0, 1, 1]",1O0,True,1,1,1,0,1,1
446,2023.0,1.0,642110bac9a8df7fa3d2a91b,O,0.0,20221207.0,"[1, 1, 0, 1, 1, 1]",1O0,True,1,1,0,1,1,1
447,2023.0,1.0,642110cac9a8df7fa3d2a9d7,O,0.0,20221207.0,"[1, 1, 1, 1, 1, 1]",1O0,True,1,1,1,1,1,1
448,2023.0,1.0,642110cac9a8df7fa3d2a9db,O,0.0,20221207.0,"[1, 1, 1, 1, 1, 1]",1O0,True,1,1,1,1,1,1
449,2023.0,1.0,642110cbc9a8df7fa3d2a9e7,O,0.0,20221207.0,"[1, 1, 1, 1, 1, 1]",1O0,True,1,1,1,1,1,1
450,2023.0,1.0,642110ccc9a8df7fa3d2a9eb,O,0.0,20221207.0,"[1, 1, 1, 1, 1, 1]",1O0,True,1,1,1,1,1,1
451,2023.0,1.0,642110ccc9a8df7fa3d2a9ef,O,0.0,20221207.0,"[1, 0, 0, 0, 1, 1]",1O0,True,1,0,0,0,1,1
452,2023.0,1.0,642110ccc9a8df7fa3d2a9f3,O,0.0,20221207.0,"[1, 1, 0, 0, 1, 1]",1O0,True,1,1,0,0,1,1
453,2023.0,1.0,642110cdc9a8df7fa3d2a9f7,O,0.0,20221207.0,"[0, 0, 0, 0, 1, 0]",1O0,True,0,0,0,0,1,0
454,2023.0,1.0,642110cdc9a8df7fa3d2a9fb,O,0.0,20221207.0,"[1, 0, 1, 1, 1, 1]",1O0,True,1,0,1,1,1,1
455,2023.0,1.0,642110cdc9a8df7fa3d2a9ff,O,0.0,20221207.0,"[1, 1, 1, 0, 1, 1]",1O0,True,1,1,1,0,1,1
456,2023.0,1.0,642110cec9a8df7fa3d2aa07,O,0.0,20221207.0,"[0, 1, 1, 1, 1, 1]",1O0,True,0,1,1,1,1,1
457,2023.0,1.0,642110cec9a8df7fa3d2aa0b,O,0.0,20221207.0,"[1, 1, 1, 0, 1, 0]",1O0,True,1,1,1,0,1,0
460,2023.0,1.0,642110d0c9a8df7fa3d2aa1b,O,0.0,20221207.0,"[0, 0, 0, 0, 1, 1]",1O0,True,0,0,0,0,1,1
461,2023.0,1.0,642110d0c9a8df7fa3d2aa1f,O,0.0,20221207.0,"[1, 1, 1, 1, 0, 1]",1O0,True,1,1,1,1,0,1
462,2023.0,1.0,642110bac9a8df7fa3d2a91f,O,0.0,20221207.0,"[1, 1, 1, 1, 1, 1]",1O0,True,1,1,1,1,1,1
463,2023.0,1.0,642110bcc9a8df7fa3d2a92f,O,0.0,20221207.0,"[1, 1, 1, 1, 1, 0]",1O0,True,1,1,1,1,1,0
464,2023.0,1.0,642110bdc9a8df7fa3d2a937,O,0.0,20221207.0,"[1, 1, 0, 0, 1, 0]",1O0,True,1,1,0,0,1,0
465,2023.0,1.0,642110bdc9a8df7fa3d2a93f,O,0.0,20221207.0,"[1, 1, 1, 1, 1, 0]",1O0,True,1,1,1,1,1,0
466,2023.0,1.0,642110bec9a8df7fa3d2a943,O,0.0,20221207.0,"[1, 1, 0, 0, 1, 0]",1O0,True,1,1,0,0,1,0
467,2023.0,1.0,642110bec9a8df7fa3d2a947,O,0.0,20221207.0,"[1, 1, 1, 0, 1, 1]",1O0,True,1,1,1,0,1,1
468,2023.0,1.0,642110bec9a8df7fa3d2a94b,O,0.0,20221207.0,"[1, 0, 1, 0, 1, 1]",1O0,True,1,0,1,0,1,1
469,2023.0,1.0,642110bfc9a8df7fa3d2a94f,O,0.0,20221207.0,"[0, 0, 0, 0, 1, 1]",1O0,True,0,0,0,0,1,1
470,2023.0,1.0,642110bfc9a8df7fa3d2a957,O,0.0,20221207.0,"[1, 1, 0, 0, 1, 1]",1O0,True,1,1,0,0,1,1
471,2023.0,1.0,642110bfc9a8df7fa3d2a95b,O,0.0,20221207.0,"[0, 1, 1, 1, 1, 1]",1O0,True,0,1,1,1,1,1
472,2023.0,1.0,642110c0c9a8df7fa3d2a95f,O,0.0,20221207.0,"[1, 1, 1, 1, 0, 1]",1O0,True,1,1,1,1,0,1
473,2023.0,1.0,642110c0c9a8df7fa3d2a963,O,0.0,20221207.0,"[1, 1, 1, 1, 1, 1]",1O0,True,1,1,1,1,1,1
474,2023.0,1.0,642110c0c9a8df7fa3d2a967,O,0.0,20221207.0,"[1, 1, 1, 0, 1, 1]",1O0,True,1,1,1,0,1,1
475,2023.0,1.0,642110c1c9a8df7fa3d2a96b,O,0.0,20221207.0,"[1, 0, 0, 1, 1, 1]",1O0,True,1,0,0,1,1,1
476,2023.0,1.0,642110c1c9a8df7fa3d2a96f,O,0.0,20221207.0,"[0, 0, 0, 1, 1, 1]",1O0,True,0,0,0,1,1,1
478,2023.0,1.0,642110c2c9a8df7fa3d2a977,O,0.0,20221207.0,"[1, 1, 0, 0, 1, 1]",1O0,True,1,1,0,0,1,1
479,2023.0,1.0,642110c2c9a8df7fa3d2a97b,O,0.0,20221207.0,"[1, 0, 0, 0, 1, 1]",1O0,True,1,0,0,0,1,1
480,2023.0,1.0,642110c3c9a8df7fa3d2a983,O,0.0,20221207.0,"[1, 1, 1, 1, 1, 1]",1O0,True,1,1,1,1,1,1
482,2023.0,1.0,642110c4c9a8df7fa3d2a993,O,0.0,20221207.0,"[0, 0, 0, 0, 1, 0]",1O0,True,0,0,0,0,1,0
483,2023.0,1.0,642110c4c9a8df7fa3d2a997,O,0.0,20221207.0,"[1, 1, 1, 1, 1, 1]",1O0,True,1,1,1,1,1,1
484,2023.0,1.0,642110c5c9a8df7fa3d2a9a3,O,0.0,20221207.0,"[0, 0, 1, 1, 1, 1]",1O0,True,0,0,1,1,1,1
485,2023.0,1.0,642110c6c9a8df7fa3d2a9a7,O,0.0,20221207.0,"[1, 0, 0, 0, 0, 0]",1O0,True,1,0,0,0,0,0
486,2023.0,1.0,642110c6c9a8df7fa3d2a9af,O,0.0,20221207.0,"[1, 1, 1, 1, 1, 1]",1O0,True,1,1,1,1,1,1
487,2023.0,1.0,642110c7c9a8df7fa3d2a9b3,O,0.0,20221207.0,"[1, 1, 1, 0, 1, 1]",1O0,True,1,1,1,0,1,1
488,2023.0,1.0,642110c7c9a8df7fa3d2a9b7,O,0.0,20221207.0,"[0, 1, 0, 0, 1, 1]",1O0,True,0,1,0,0,1,1
489,2023.0,1.0,642110c7c9a8df7fa3d2a9bb,O,0.0,20221207.0,"[1, 1, 0, 0, 1, 1]",1O0,True,1,1,0,0,1,1
490,2023.0,1.0,642110c9c9a8df7fa3d2a9cb,O,0.0,20221207.0,"[1, 1, 0, 0, 1, 1]",1O0,True,1,1,0,0,1,1
493,2023.0,1.0,6459950694c9f2071335ecf5,O,0.0,20221207.0,"[1, 1, 1, 1, 1, 1]",1O0,True,1,1,1,1,1,1
494,2023.0,1.0,6459950694c9f2071335ecfd,O,0.0,20221207.0,"[0, 1, 0, 0, 1, 1]",1O0,True,0,1,0,0,1,1
495,2023.0,1.0,6459950794c9f2071335ed01,O,0.0,20221207.0,"[0, 1, 0, 0, 1, 1]",1O0,True,0,1,0,0,1,1
496,2023.0,1.0,6459950794c9f2071335ed05,O,0.0,20221207.0,"[1, 0, 1, 0, 1, 1]",1O0,True,1,0,1,0,1,1
497,2023.0,1.0,6459950794c9f2071335ed09,O,0.0,20221207.0,"[1, 1, 0, 0, 1, 0]",1O0,True,1,1,0,0,1,0
498,2023.0,1.0,6459950894c9f2071335ed0d,O,0.0,20221207.0,"[1, 1, 1, 0, 1, 1]",1O0,True,1,1,1,0,1,1
499,2023.0,1.0,6459950894c9f2071335ed11,O,0.0,20221207.0,"[1, 1, 1, 1, 1, 1]",1O0,True,1,1,1,1,1,1
500,2023.0,1.0,6459950894c9f2071335ed15,O,0.0,20221207.0,"[1, 1, 1, 1, 1, 0]",1O0,True,1,1,1,1,1,0
501,2023.0,1.0,6459950994c9f2071335ed19,O,0.0,20221207.0,"[0, 0, 0, 1, 1, 1]",1O0,True,0,0,0,1,1,1
502,2023.0,1.0,6459950994c9f2071335ed1d,O,0.0,20221207.0,"[1, 1, 0, 1, 1, 1]",1O0,True,1,1,0,1,1,1
503,2023.0,1.0,6459950994c9f2071335ed21,O,0.0,20221207.0,"[0, 0, 0, 0, 1, 0]",1O0,True,0,0,0,0,1,0
504,2023.0,1.0,6459950a94c9f2071335ed25,O,0.0,20221207.0,"[1, 0, 0, 1, 1, 1]",1O0,True,1,0,0,1,1,1
505,2023.0,1.0,6459950a94c9f2071335ed29,O,0.0,20221207.0,"[1, 1, 0, 1, 1, 0]",1O0,True,1,1,0,1,1,0
507,2023.0,1.0,6459950a94c9f2071335ed31,O,0.0,20221207.0,"[1, 1, 1, 0, 1, 1]",1O0,True,1,1,1,0,1,1
510,2023.0,1.0,6459950b94c9f2071335ed3d,O,0.0,20221207.0,"[1, 0, 1, 0, 1, 1]",1O0,True,1,0,1,0,1,1
511,2023.0,1.0,6459950c94c9f2071335ed41,O,0.0,20221207.0,"[0, 0, 0, 0, 0, 0]",1O0,True,0,0,0,0,0,0
512,2023.0,1.0,6459950c94c9f2071335ed45,O,0.0,20221207.0,"[1, 0, 0, 1, 1, 1]",1O0,True,1,0,0,1,1,1
514,2023.0,1.0,6459950d94c9f2071335ed4d,O,0.0,20221207.0,"[1, 1, 1, 1, 1, 1]",1O0,True,1,1,1,1,1,1
515,2023.0,1.0,6459950d94c9f2071335ed55,O,0.0,20221207.0,"[1, 0, 1, 1, 1, 1]",1O0,True,1,0,1,1,1,1
516,2023.0,1.0,6459950e94c9f2071335ed59,O,0.0,20221207.0,"[1, 1, 0, 0, 1, 1]",1O0,True,1,1,0,0,1,1
517,2023.0,1.0,6459950e94c9f2071335ed5d,O,0.0,20221207.0,"[0, 0, 0, 0, 1, 0]",1O0,True,0,0,0,0,1,0
518,2023.0,1.0,6459950e94c9f2071335ed61,O,0.0,20221207.0,"[0, 0, 1, 1, 1, 1]",1O0,True,0,0,1,1,1,1
519,2023.0,1.0,6459950f94c9f2071335ed65,O,0.0,20221207.0,"[1, 1, 0, 0, 1, 0]",1O0,True,1,1,0,0,1,0
520,2023.0,1.0,6459950f94c9f2071335ed69,O,0.0,20221207.0,"[1, 1, 0, 1, 1, 0]",1O0,True,1,1,0,1,1,0
521,2023.0,1.0,6459950f94c9f2071335ed6d,O,0.0,20221207.0,"[0, 0, 0, 0, 1, 0]",1O0,True,0,0,0,0,1,0
523,2023.0,1.0,6459951094c9f2071335ed75,O,0.0,20221207.0,"[1, 1, 1, 1, 1, 1]",1O0,True,1,1,1,1,1,1
525,2023.0,1.0,6459951194c9f2071335ed81,O,0.0,20221207.0,"[0, 0, 0, 0, 0, 0]",1O0,True,0,0,0,0,0,0
526,2023.0,1.0,6459951194c9f2071335ed85,O,0.0,20221207.0,"[1, 1, 0, 1, 1, 1]",1O0,True,1,1,0,1,1,1
527,2023.0,1.0,6459951294c9f2071335ed8d,O,0.0,20221207.0,"[1, 0, 0, 0, 1, 1]",1O0,True,1,0,0,0,1,1
528,2023.0,1.0,6459951294c9f2071335ed91,O,0.0,20221207.0,"[1, 1, 1, 0, 1, 1]",1O0,True,1,1,1,0,1,1
529,2023.0,1.0,6459951294c9f2071335ed95,O,0.0,20221207.0,"[1, 0, 0, 0, 1, 1]",1O0,True,1,0,0,0,1,1
530,2023.0,1.0,6459951394c9f2071335ed9d,O,0.0,20221207.0,"[1, 0, 0, 1, 1, 0]",1O0,True,1,0,0,1,1,0
531,2023.0,1.0,6459951394c9f2071335eda1,O,0.0,20221207.0,"[0, 1, 0, 0, 1, 1]",1O0,True,0,1,0,0,1,1
532,2023.0,1.0,6459951494c9f2071335eda5,O,0.0,20221207.0,"[1, 1, 1, 0, 1, 1]",1O0,True,1,1,1,0,1,1
534,2023.0,1.0,6459951494c9f2071335edad,O,0.0,20221207.0,"[1, 1, 1, 1, 1, 1]",1O0,True,1,1,1,1,1,1
535,2023.0,1.0,6459951594c9f2071335edb1,O,0.0,20221207.0,"[1, 1, 1, 0, 1, 1]",1O0,True,1,1,1,0,1,1
536,2023.0,1.0,6459951594c9f2071335edb5,O,0.0,20221207.0,"[0, 1, 1, 1, 1, 0]",1O0,True,0,1,1,1,1,0
537,2023.0,1.0,6459951594c9f2071335edb9,O,0.0,20221207.0,"[1, 1, 1, 1, 1, 0]",1O0,True,1,1,1,1,1,0
538,2023.0,1.0,6459951694c9f2071335edc9,O,0.0,20221207.0,"[1, 0, 1, 1, 1, 1]",1O0,True,1,0,1,1,1,1
539,2023.0,1.0,6459951794c9f2071335edcd,O,0.0,20221207.0,"[0, 0, 0, 1, 1, 1]",1O0,True,0,0,0,1,1,1
540,2023.0,1.0,6459951794c9f2071335edd1,O,0.0,20221207.0,"[1, 1, 1, 1, 1, 1]",1O0,True,1,1,1,1,1,1
541,2023.0,1.0,6459951794c9f2071335edd5,O,0.0,20221207.0,"[0, 1, 0, 1, 1, 0]",1O0,True,0,1,0,1,1,0
542,2023.0,1.0,6459951894c9f2071335edd9,O,0.0,20221207.0,"[1, 1, 0, 1, 1, 1]",1O0,True,1,1,0,1,1,1
543,2023.0,1.0,6459951894c9f2071335ede1,O,0.0,20221207.0,"[1, 0, 1, 0, 1, 0]",1O0,True,1,0,1,0,1,0
544,2023.0,1.0,6459951994c9f2071335ede5,O,0.0,20221207.0,"[1, 0, 0, 0, 1, 1]",1O0,True,1,0,0,0,1,1
545,2023.0,1.0,6459951994c9f2071335edf1,O,0.0,20221207.0,"[1, 1, 0, 1, 1, 1]",1O0,True,1,1,0,1,1,1
546,2023.0,1.0,6459951a94c9f2071335edf5,O,0.0,20221207.0,"[1, 1, 1, 1, 1, 1]",1O0,True,1,1,1,1,1,1
547,2023.0,1.0,6459951a94c9f2071335edf9,O,0.0,20221207.0,"[0, 0, 0, 1, 1, 1]",1O0,True,0,0,0,1,1,1
548,2023.0,1.0,6459951b94c9f2071335ee05,O,0.0,20221207.0,"[0, 1, 1, 1, 1, 1]",1O0,True,0,1,1,1,1,1
549,2023.0,1.0,6459951b94c9f2071335ee09,O,0.0,20221207.0,"[0, 0, 0, 0, 1, 0]",1O0,True,0,0,0,0,1,0
550,2023.0,1.0,6459951c94c9f2071335ee0d,O,0.0,20221207.0,"[1, 0, 0, 1, 1, 0]",1O0,True,1,0,0,1,1,0
551,2023.0,1.0,6459951c94c9f2071335ee11,O,0.0,20221207.0,"[1, 1, 1, 1, 1, 1]",1O0,True,1,1,1,1,1,1
552,2023.0,1.0,6459951c94c9f2071335ee15,O,0.0,20221207.0,"[1, 1, 1, 0, 1, 0]",1O0,True,1,1,1,0,1,0
553,2023.0,1.0,6459951d94c9f2071335ee19,O,0.0,20221207.0,"[0, 0, 0, 1, 1, 1]",1O0,True,0,0,0,1,1,1
554,2023.0,1.0,6459951d94c9f2071335ee1d,O,0.0,20221207.0,"[0, 0, 0, 0, 0, 0]",1O0,True,0,0,0,0,0,0
556,2023.0,1.0,6459951e94c9f2071335ee25,O,0.0,20221207.0,"[1, 1, 1, 1, 1, 1]",1O0,True,1,1,1,1,1,1
557,2023.0,1.0,6459951e94c9f2071335ee29,O,0.0,20221207.0,"[1, 1, 0, 1, 1, 1]",1O0,True,1,1,0,1,1,1
558,2023.0,1.0,6459951e94c9f2071335ee2d,O,0.0,20221207.0,"[1, 1, 0, 0, 1, 1]",1O0,True,1,1,0,0,1,1
559,2023.0,1.0,6459951e94c9f2071335ee31,O,0.0,20221207.0,"[0, 0, 0, 0, 1, 0]",1O0,True,0,0,0,0,1,0
560,2023.0,1.0,6459951f94c9f2071335ee39,O,0.0,20221207.0,"[1, 1, 0, 0, 1, 1]",1O0,True,1,1,0,0,1,1
561,2023.0,1.0,6459951f94c9f2071335ee3d,O,0.0,20221207.0,"[0, 0, 0, 0, 0, 1]",1O0,True,0,0,0,0,0,1
562,2023.0,1.0,6459952094c9f2071335ee41,O,0.0,20221207.0,"[1, 0, 0, 1, 1, 1]",1O0,True,1,0,0,1,1,1
563,2023.0,1.0,6459952094c9f2071335ee45,O,0.0,20221207.0,"[1, 1, 1, 0, 1, 1]",1O0,True,1,1,1,0,1,1
564,2023.0,1.0,6459952094c9f2071335ee49,O,0.0,20221207.0,"[0, 0, 0, 0, 1, 0]",1O0,True,0,0,0,0,1,0
565,2023.0,1.0,6459952194c9f2071335ee4d,O,0.0,20221207.0,"[1, 1, 0, 1, 1, 1]",1O0,True,1,1,0,1,1,1
566,2023.0,1.0,6459952194c9f2071335ee51,O,0.0,20221207.0,"[1, 1, 0, 1, 1, 0]",1O0,True,1,1,0,1,1,0
567,2023.0,1.0,6459952194c9f2071335ee55,O,0.0,20221207.0,"[1, 1, 1, 0, 1, 1]",1O0,True,1,1,1,0,1,1
568,2023.0,1.0,6459952294c9f2071335ee59,O,0.0,20221207.0,"[1, 0, 1, 1, 1, 1]",1O0,True,1,0,1,1,1,1
569,2023.0,1.0,6459952294c9f2071335ee5d,O,0.0,20221207.0,"[1, 1, 0, 0, 1, 0]",1O0,True,1,1,0,0,1,0
570,2023.0,1.0,6459952294c9f2071335ee61,O,0.0,20221207.0,"[1, 0, 0, 0, 1, 0]",1O0,True,1,0,0,0,1,0
571,2023.0,1.0,6459952394c9f2071335ee65,O,0.0,20221207.0,"[1, 1, 1, 1, 1, 1]",1O0,True,1,1,1,1,1,1
572,2023.0,1.0,6459943b94c9f2071335bc79,O,0.0,20221207.0,"[1, 0, 1, 1, 1, 1]",1O0,True,1,0,1,1,1,1
573,2023.0,1.0,6459943c94c9f2071335bc89,O,0.0,20221207.0,"[1, 1, 0, 0, 1, 1]",1O0,True,1,1,0,0,1,1
574,2023.0,1.0,6459943d94c9f2071335bc8d,O,0.0,20221207.0,"[0, 1, 0, 1, 1, 1]",1O0,True,0,1,0,1,1,1
575,2023.0,1.0,6459943d94c9f2071335bc91,O,0.0,20221207.0,"[1, 0, 1, 1, 1, 1]",1O0,True,1,0,1,1,1,1
576,2023.0,1.0,6459943e94c9f2071335bc99,O,0.0,20221207.0,"[1, 0, 0, 0, 1, 1]",1O0,True,1,0,0,0,1,1
578,2023.0,1.0,6459943f94c9f2071335bca5,O,0.0,20221207.0,"[1, 1, 0, 1, 1, 1]",1O0,True,1,1,0,1,1,1
579,2023.0,1.0,6459943f94c9f2071335bca9,O,0.0,20221207.0,"[1, 1, 1, 1, 1, 1]",1O0,True,1,1,1,1,1,1
580,2023.0,1.0,6459944094c9f2071335bcb1,O,0.0,20221207.0,"[1, 1, 1, 1, 1, 1]",1O0,True,1,1,1,1,1,1
581,2023.0,1.0,6459944094c9f2071335bcb5,O,0.0,20221207.0,"[1, 1, 1, 1, 1, 1]",1O0,True,1,1,1,1,1,1
582,2023.0,1.0,6459944194c9f2071335bcbd,O,0.0,20221207.0,"[1, 1, 1, 1, 1, 0]",1O0,True,1,1,1,1,1,0
583,2023.0,1.0,6459944194c9f2071335bcc5,O,0.0,20221207.0,"[1, 1, 1, 1, 1, 1]",1O0,True,1,1,1,1,1,1
584,2023.0,1.0,6459944294c9f2071335bccd,O,0.0,20221207.0,"[1, 1, 0, 1, 1, 1]",1O0,True,1,1,0,1,1,1
585,2023.0,1.0,6459944294c9f2071335bcd1,O,0.0,20221207.0,"[1, 1, 0, 0, 1, 1]",1O0,True,1,1,0,0,1,1
586,2023.0,1.0,6459944394c9f2071335bcd5,O,0.0,20221207.0,"[1, 1, 1, 1, 1, 1]",1O0,True,1,1,1,1,1,1
587,2023.0,1.0,6459944394c9f2071335bcd9,O,0.0,20221207.0,"[1, 1, 1, 0, 1, 1]",1O0,True,1,1,1,0,1,1
588,2023.0,1.0,6459944394c9f2071335bcdd,O,0.0,20221207.0,"[0, 0, 1, 1, 1, 1]",1O0,True,0,0,1,1,1,1
590,2023.0,1.0,6459944594c9f2071335bcf1,O,0.0,20221207.0,"[0, 0, 0, 0, 1, 1]",1O0,True,0,0,0,0,1,1
591,2023.0,1.0,6459944594c9f2071335bcf5,O,0.0,20221207.0,"[0, 0, 0, 0, 1, 0]",1O0,True,0,0,0,0,1,0
593,2023.0,1.0,6459944694c9f2071335bcfd,O,0.0,20221207.0,"[1, 1, 1, 1, 1, 1]",1O0,True,1,1,1,1,1,1
594,2023.0,1.0,6459944694c9f2071335bd01,O,0.0,20221207.0,"[1, 1, 1, 1, 1, 1]",1O0,True,1,1,1,1,1,1
595,2023.0,1.0,6459944794c9f2071335bd05,O,0.0,20221207.0,"[1, 1, 1, 1, 1, 1]",1O0,True,1,1,1,1,1,1
596,2023.0,1.0,6459944794c9f2071335bd0d,O,0.0,20221207.0,"[0, 0, 0, 0, 1, 0]",1O0,True,0,0,0,0,1,0
598,2023.0,1.0,6459944894c9f2071335bd15,O,0.0,20221207.0,"[1, 1, 0, 0, 1, 1]",1O0,True,1,1,0,0,1,1
599,2023.0,1.0,6459944994c9f2071335bd1d,O,0.0,20221207.0,"[1, 1, 0, 0, 0, 1]",1O0,True,1,1,0,0,0,1
600,2023.0,1.0,6459944a94c9f2071335bd29,O,0.0,20221207.0,"[0, 0, 0, 0, 1, 1]",1O0,True,0,0,0,0,1,1
601,2023.0,1.0,6459944a94c9f2071335bd2d,O,0.0,20221207.0,"[1, 1, 1, 1, 1, 1]",1O0,True,1,1,1,1,1,1
602,2023.0,1.0,6459944a94c9f2071335bd31,O,0.0,20221207.0,"[1, 1, 1, 1, 1, 1]",1O0,True,1,1,1,1,1,1
603,2023.0,1.0,6459944b94c9f2071335bd35,O,0.0,20221207.0,"[1, 1, 1, 0, 1, 1]",1O0,True,1,1,1,0,1,1
604,2023.0,1.0,6459944b94c9f2071335bd39,O,0.0,20221207.0,"[1, 1, 0, 0, 1, 1]",1O0,True,1,1,0,0,1,1
605,2023.0,1.0,6459944b94c9f2071335bd3d,O,0.0,20221207.0,"[1, 0, 0, 0, 0, 1]",1O0,True,1,0,0,0,0,1
606,2023.0,1.0,6459944c94c9f2071335bd45,O,0.0,20221207.0,"[1, 1, 1, 1, 1, 1]",1O0,True,1,1,1,1,1,1
607,2023.0,1.0,6459944c94c9f2071335bd49,O,0.0,20221207.0,"[1, 1, 1, 1, 1, 1]",1O0,True,1,1,1,1,1,1
608,2023.0,1.0,6459944d94c9f2071335bd4d,O,0.0,20221207.0,"[1, 1, 1, 1, 1, 1]",1O0,True,1,1,1,1,1,1
609,2023.0,1.0,6459944d94c9f2071335bd51,O,0.0,20221207.0,"[1, 1, 1, 1, 1, 1]",1O0,True,1,1,1,1,1,1
610,2023.0,1.0,6459944d94c9f2071335bd55,O,0.0,20221207.0,"[1, 1, 1, 1, 1, 1]",1O0,True,1,1,1,1,1,1
612,2023.0,1.0,6459944e94c9f2071335bd61,O,0.0,20221207.0,"[1, 0, 0, 1, 1, 1]",1O0,True,1,0,0,1,1,1
613,2023.0,1.0,6459944f94c9f2071335bd6d,O,0.0,20221207.0,"[0, 0, 0, 1, 1, 1]",1O0,True,0,0,0,1,1,1
614,2023.0,1.0,6459944f94c9f2071335bd71,O,0.0,20221207.0,"[1, 0, 0, 0, 1, 1]",1O0,True,1,0,0,0,1,1
616,2023.0,1.0,6459945094c9f2071335bd79,O,0.0,20221207.0,"[1, 0, 0, 0, 1, 0]",1O0,True,1,0,0,0,1,0
617,2023.0,1.0,6459945194c9f2071335bd85,O,0.0,20221207.0,"[0, 0, 1, 0, 1, 0]",1O0,True,0,0,1,0,1,0
618,2023.0,1.0,6459945194c9f2071335bd89,O,0.0,20221207.0,"[0, 0, 0, 0, 0, 0]",1O0,True,0,0,0,0,0,0
619,2023.0,1.0,6459945294c9f2071335bd91,O,0.0,20221207.0,"[0, 0, 0, 0, 1, 0]",1O0,True,0,0,0,0,1,0
620,2023.0,1.0,6459945394c9f2071335bd9d,O,0.0,20221207.0,"[0, 0, 0, 0, 1, 0]",1O0,True,0,0,0,0,1,0
621,2023.0,1.0,6459945394c9f2071335bda1,O,0.0,20221207.0,"[1, 1, 0, 0, 1, 1]",1O0,True,1,1,0,0,1,1
622,2023.0,1.0,6459945394c9f2071335bda5,O,0.0,20221207.0,"[0, 0, 0, 0, 1, 0]",1O0,True,0,0,0,0,1,0
623,2023.0,1.0,6459945494c9f2071335bda9,O,0.0,20221207.0,"[1, 0, 0, 1, 1, 1]",1O0,True,1,0,0,1,1,1
624,2023.0,1.0,6459945494c9f2071335bdb1,O,0.0,20221207.0,"[1, 1, 0, 1, 1, 1]",1O0,True,1,1,0,1,1,1
625,2023.0,1.0,6459945594c9f2071335bdb9,O,0.0,20221207.0,"[1, 1, 1, 0, 1, 1]",1O0,True,1,1,1,0,1,1
626,2023.0,1.0,6459945594c9f2071335bdbd,O,0.0,20221207.0,"[1, 1, 1, 1, 1, 1]",1O0,True,1,1,1,1,1,1
627,2023.0,1.0,6459945694c9f2071335bdc1,O,0.0,20221207.0,"[1, 0, 1, 0, 1, 0]",1O0,True,1,0,1,0,1,0
629,2023.0,1.0,6459945694c9f2071335bdc9,O,0.0,20221207.0,"[1, 0, 0, 1, 1, 1]",1O0,True,1,0,0,1,1,1
630,2023.0,1.0,6459945694c9f2071335bdcd,O,0.0,20221207.0,"[0, 1, 0, 0, 1, 0]",1O0,True,0,1,0,0,1,0
631,2023.0,1.0,6459945794c9f2071335bdd1,O,0.0,20221207.0,"[0, 1, 0, 1, 1, 0]",1O0,True,0,1,0,1,1,0
632,2023.0,1.0,6459945794c9f2071335bdd5,O,0.0,20221207.0,"[0, 1, 1, 0, 1, 1]",1O0,True,0,1,1,0,1,1
633,2023.0,1.0,6459945994c9f2071335bde9,O,0.0,20221207.0,"[1, 1, 1, 0, 1, 1]",1O0,True,1,1,1,0,1,1
634,2023.0,1.0,6459945994c9f2071335bded,O,0.0,20221207.0,"[1, 0, 0, 0, 1, 0]",1O0,True,1,0,0,0,1,0
635,2023.0,1.0,645995fd94c9f2071336163c,O,0.0,20221207.0,"[0, 0, 0, 0, 1, 0]",1O0,True,0,0,0,0,1,0
636,2023.0,1.0,645995fe94c9f20713361648,O,0.0,20221207.0,"[0, 0, 1, 0, 1, 1]",1O0,True,0,0,1,0,1,1
639,2023.0,1.0,645995ff94c9f20713361658,O,0.0,20221207.0,"[1, 1, 1, 1, 0, 1]",1O0,True,1,1,1,1,0,1
640,2023.0,1.0,6459960094c9f2071336165c,O,0.0,20221207.0,"[0, 0, 0, 0, 0, 0]",1O0,True,0,0,0,0,0,0
641,2023.0,1.0,6459960094c9f20713361664,O,0.0,20221207.0,"[1, 0, 0, 0, 1, 0]",1O0,True,1,0,0,0,1,0
642,2023.0,1.0,6459960194c9f2071336166c,O,0.0,20221207.0,"[0, 0, 0, 0, 0, 0]",1O0,True,0,0,0,0,0,0
643,2023.0,1.0,6459960194c9f20713361670,O,0.0,20221207.0,"[1, 1, 0, 0, 1, 1]",1O0,True,1,1,0,0,1,1
644,2023.0,1.0,6459960294c9f20713361674,O,0.0,20221207.0,"[1, 0, 1, 1, 1, 1]",1O0,True,1,0,1,1,1,1
645,2023.0,1.0,6459960394c9f20713361680,O,0.0,20221207.0,"[0, 1, 1, 1, 1, 1]",1O0,True,0,1,1,1,1,1
646,2023.0,1.0,6459960494c9f20713361688,O,0.0,20221207.0,"[1, 1, 0, 1, 1, 1]",1O0,True,1,1,0,1,1,1
647,2023.0,1.0,6459960494c9f20713361690,O,0.0,20221207.0,"[1, 1, 0, 1, 1, 1]",1O0,True,1,1,0,1,1,1
648,2023.0,1.0,6459960494c9f20713361694,O,0.0,20221207.0,"[1, 0, 0, 0, 1, 0]",1O0,True,1,0,0,0,1,0
649,2023.0,1.0,6459960594c9f20713361698,O,0.0,20221207.0,"[0, 0, 0, 1, 1, 1]",1O0,True,0,0,0,1,1,1
650,2023.0,1.0,6459960594c9f2071336169c,O,0.0,20221207.0,"[1, 1, 1, 1, 0, 1]",1O0,True,1,1,1,1,0,1
651,2023.0,1.0,6459960894c9f207133616c0,O,0.0,20221207.0,"[0, 1, 1, 1, 0, 0]",1O0,True,0,1,1,1,0,0
652,2023.0,1.0,6459960994c9f207133616c8,O,0.0,20221207.0,"[0, 0, 0, 0, 1, 0]",1O0,True,0,0,0,0,1,0
653,2023.0,1.0,6459960994c9f207133616cc,O,0.0,20221207.0,"[1, 1, 0, 0, 1, 0]",1O0,True,1,1,0,0,1,0
654,2023.0,1.0,6459960a94c9f207133616d0,O,0.0,20221207.0,"[0, 1, 0, 1, 0, 1]",1O0,True,0,1,0,1,0,1
655,2023.0,1.0,6459960b94c9f207133616dc,O,0.0,20221207.0,"[0, 0, 0, 0, 0, 0]",1O0,True,0,0,0,0,0,0
656,2023.0,1.0,6459960d94c9f207133616ec,O,0.0,20221207.0,"[1, 1, 1, 0, 1, 1]",1O0,True,1,1,1,0,1,1
657,2023.0,1.0,6459960d94c9f207133616f4,O,0.0,20221207.0,"[1, 1, 1, 0, 1, 1]",1O0,True,1,1,1,0,1,1
659,2023.0,1.0,6459960e94c9f207133616fc,O,0.0,20221207.0,"[1, 1, 0, 0, 1, 1]",1O0,True,1,1,0,0,1,1
660,2023.0,1.0,6459960f94c9f20713361708,O,0.0,20221207.0,"[0, 0, 0, 0, 1, 0]",1O0,True,0,0,0,0,1,0
661,2023.0,1.0,6459960f94c9f2071336170c,O,0.0,20221207.0,"[1, 1, 1, 1, 1, 1]",1O0,True,1,1,1,1,1,1
662,2023.0,1.0,6459961094c9f20713361714,O,0.0,20221207.0,"[1, 1, 1, 0, 1, 1]",1O0,True,1,1,1,0,1,1
663,2023.0,1.0,6459961194c9f2071336171c,O,0.0,20221207.0,"[1, 1, 1, 1, 1, 1]",1O0,True,1,1,1,1,1,1
665,2023.0,1.0,6459961294c9f20713361728,O,0.0,20221207.0,"[0, 0, 0, 0, 0, 0]",1O0,True,0,0,0,0,0,0
666,2023.0,1.0,6459961294c9f20713361734,O,0.0,20221207.0,"[0, 0, 0, 0, 1, 0]",1O0,True,0,0,0,0,1,0
667,2023.0,1.0,6459961394c9f20713361738,O,0.0,20221207.0,"[1, 1, 0, 0, 1, 1]",1O0,True,1,1,0,0,1,1
668,2023.0,1.0,6459961394c9f20713361740,O,0.0,20221207.0,"[1, 1, 0, 1, 1, 1]",1O0,True,1,1,0,1,1,1
669,2023.0,1.0,6459961594c9f20713361754,O,0.0,20221207.0,"[0, 0, 0, 0, 1, 0]",1O0,True,0,0,0,0,1,0
670,2023.0,1.0,6459961594c9f20713361758,O,0.0,20221207.0,"[1, 0, 0, 1, 1, 1]",1O0,True,1,0,0,1,1,1
672,2023.0,1.0,6459961794c9f20713361770,O,0.0,20221207.0,"[1, 1, 1, 1, 1, 1]",1O0,True,1,1,1,1,1,1
673,2023.0,1.0,6459961794c9f20713361774,O,0.0,20221207.0,"[1, 1, 1, 0, 1, 1]",1O0,True,1,1,1,0,1,1
674,2023.0,1.0,6459961994c9f2071336178c,O,0.0,20221207.0,"[1, 1, 0, 1, 1, 1]",1O0,True,1,1,0,1,1,1
675,2023.0,1.0,6459961a94c9f20713361794,O,0.0,20221207.0,"[0, 0, 1, 1, 1, 0]",1O0,True,0,0,1,1,1,0
676,2023.0,1.0,6459961a94c9f20713361798,O,0.0,20221207.0,"[0, 1, 0, 0, 1, 1]",1O0,True,0,1,0,0,1,1
677,2023.0,1.0,6459961c94c9f207133617ac,O,0.0,20221207.0,"[0, 1, 0, 0, 1, 1]",1O0,True,0,1,0,0,1,1
678,2023.0,1.0,6459961c94c9f207133617b0,O,0.0,20221207.0,"[0, 1, 0, 0, 0, 1]",1O0,True,0,1,0,0,0,1
681,2023.0,1.0,644f323bf57bcd3970557759,O,0.0,20221207.0,"[1, 1, 0, 0, 1, 0]",1O0,True,1,1,0,0,1,0
682,2023.0,1.0,644f323cf57bcd3970557765,O,0.0,20221207.0,"[0, 0, 0, 0, 1, 1]",1O0,True,0,0,0,0,1,1
683,2023.0,1.0,644f323ef57bcd3970557779,O,0.0,20221207.0,"[0, 0, 0, 0, 1, 1]",1O0,True,0,0,0,0,1,1
684,2023.0,1.0,644f323ef57bcd397055777d,O,0.0,20221207.0,"[1, 1, 0, 0, 1, 1]",1O0,True,1,1,0,0,1,1
685,2023.0,1.0,644f323ff57bcd3970557785,O,0.0,20221207.0,"[0, 0, 0, 0, 1, 1]",1O0,True,0,0,0,0,1,1
687,2023.0,1.0,644f3240f57bcd3970557795,O,0.0,20221207.0,"[1, 1, 0, 1, 1, 1]",1O0,True,1,1,0,1,1,1
688,2023.0,1.0,644f3240f57bcd3970557799,O,0.0,20221207.0,"[1, 1, 0, 0, 1, 0]",1O0,True,1,1,0,0,1,0
689,2023.0,1.0,644f3241f57bcd39705577a1,O,0.0,20221207.0,"[1, 1, 1, 1, 1, 1]",1O0,True,1,1,1,1,1,1
690,2023.0,1.0,644f3241f57bcd39705577a5,O,0.0,20221207.0,"[1, 0, 0, 0, 1, 0]",1O0,True,1,0,0,0,1,0
691,2023.0,1.0,644f3242f57bcd39705577a9,O,0.0,20221207.0,"[1, 1, 0, 1, 1, 1]",1O0,True,1,1,0,1,1,1
692,2023.0,1.0,644f3242f57bcd39705577ad,O,0.0,20221207.0,"[0, 0, 1, 0, 1, 0]",1O0,True,0,0,1,0,1,0
693,2023.0,1.0,644f3242f57bcd39705577b1,O,0.0,20221207.0,"[0, 0, 0, 0, 1, 0]",1O0,True,0,0,0,0,1,0
694,2023.0,1.0,644f3243f57bcd39705577b9,O,0.0,20221207.0,"[0, 0, 0, 0, 1, 0]",1O0,True,0,0,0,0,1,0
695,2023.0,1.0,644f3243f57bcd39705577bd,O,0.0,20221207.0,"[0, 0, 0, 1, 0, 1]",1O0,True,0,0,0,1,0,1
696,2023.0,1.0,644f3244f57bcd39705577c5,O,0.0,20221207.0,"[1, 1, 0, 1, 1, 1]",1O0,True,1,1,0,1,1,1
697,2023.0,1.0,644f3244f57bcd39705577c9,O,0.0,20221207.0,"[0, 0, 0, 0, 1, 0]",1O0,True,0,0,0,0,1,0
698,2023.0,1.0,644f3244f57bcd39705577cd,O,0.0,20221207.0,"[0, 0, 0, 0, 1, 0]",1O0,True,0,0,0,0,1,0
699,2023.0,1.0,644f3245f57bcd39705577d1,O,0.0,20221207.0,"[0, 0, 0, 0, 1, 0]",1O0,True,0,0,0,0,1,0
700,2023.0,1.0,644f3245f57bcd39705577d5,O,0.0,20221207.0,"[1, 0, 0, 0, 1, 1]",1O0,True,1,0,0,0,1,1
701,2023.0,1.0,644f3245f57bcd39705577d9,O,0.0,20221207.0,"[1, 1, 0, 0, 1, 1]",1O0,True,1,1,0,0,1,1
702,2023.0,1.0,644f3245f57bcd39705577dd,O,0.0,20221207.0,"[1, 0, 0, 1, 1, 1]",1O0,True,1,0,0,1,1,1
703,2023.0,1.0,644f3246f57bcd39705577e1,O,0.0,20221207.0,"[1, 0, 0, 0, 1, 1]",1O0,True,1,0,0,0,1,1
704,2023.0,1.0,644f3246f57bcd39705577e5,O,0.0,20221207.0,"[0, 0, 0, 0, 1, 0]",1O0,True,0,0,0,0,1,0
705,2023.0,1.0,644f3247f57bcd39705577f1,O,0.0,20221207.0,"[1, 1, 1, 0, 1, 1]",1O0,True,1,1,1,0,1,1
706,2023.0,1.0,644f3249f57bcd3970557801,O,0.0,20221207.0,"[0, 1, 1, 0, 1, 0]",1O0,True,0,1,1,0,1,0
707,2023.0,1.0,644f324af57bcd3970557805,O,0.0,20221207.0,"[1, 0, 0, 0, 1, 0]",1O0,True,1,0,0,0,1,0
708,2023.0,1.0,644f324af57bcd3970557809,O,0.0,20221207.0,"[0, 0, 0, 0, 1, 1]",1O0,True,0,0,0,0,1,1
709,2023.0,1.0,644f324af57bcd397055780d,O,0.0,20221207.0,"[1, 0, 0, 0, 1, 1]",1O0,True,1,0,0,0,1,1
710,2023.0,1.0,644f324bf57bcd3970557811,O,0.0,20221207.0,"[1, 1, 1, 1, 1, 1]",1O0,True,1,1,1,1,1,1
711,2023.0,1.0,644f324bf57bcd3970557815,O,0.0,20221207.0,"[1, 1, 0, 0, 1, 1]",1O0,True,1,1,0,0,1,1
712,2023.0,1.0,644f324bf57bcd3970557819,O,0.0,20221207.0,"[1, 0, 0, 0, 1, 1]",1O0,True,1,0,0,0,1,1
713,2023.0,1.0,644f324cf57bcd397055781d,O,0.0,20221207.0,"[1, 1, 1, 1, 1, 1]",1O0,True,1,1,1,1,1,1
714,2023.0,1.0,644f324cf57bcd3970557825,O,0.0,20221207.0,"[0, 0, 0, 0, 0, 1]",1O0,True,0,0,0,0,0,1
715,2023.0,1.0,644f324df57bcd3970557829,O,0.0,20221207.0,"[1, 0, 0, 0, 1, 0]",1O0,True,1,0,0,0,1,0
717,2023.0,1.0,644f324df57bcd3970557831,O,0.0,20221207.0,"[0, 1, 0, 1, 1, 0]",1O0,True,0,1,0,1,1,0
718,2023.0,1.0,644f324ef57bcd3970557835,O,0.0,20221207.0,"[0, 0, 0, 0, 0, 0]",1O0,True,0,0,0,0,0,0
719,2023.0,1.0,644f324ef57bcd3970557839,O,0.0,20221207.0,"[1, 1, 0, 0, 1, 1]",1O0,True,1,1,0,0,1,1
720,2023.0,1.0,644f324ff57bcd3970557841,O,0.0,20221207.0,"[1, 0, 0, 0, 0, 0]",1O0,True,1,0,0,0,0,0
721,2023.0,1.0,644f324ff57bcd3970557845,O,0.0,20221207.0,"[1, 1, 1, 0, 1, 1]",1O0,True,1,1,1,0,1,1
722,2023.0,1.0,644f3250f57bcd397055784d,O,0.0,20221207.0,"[0, 1, 0, 0, 1, 1]",1O0,True,0,1,0,0,1,1
723,2023.0,1.0,644f3250f57bcd3970557851,O,0.0,20221207.0,"[0, 1, 0, 0, 1, 1]",1O0,True,0,1,0,0,1,1
724,2023.0,1.0,644f3250f57bcd3970557855,O,0.0,20221207.0,"[0, 0, 0, 1, 1, 0]",1O0,True,0,0,0,1,1,0
725,2023.0,1.0,644f3251f57bcd3970557859,O,0.0,20221207.0,"[1, 1, 1, 1, 1, 1]",1O0,True,1,1,1,1,1,1
726,2023.0,1.0,644f3251f57bcd397055785d,O,0.0,20221207.0,"[1, 0, 0, 0, 0, 0]",1O0,True,1,0,0,0,0,0
727,2023.0,1.0,644f3251f57bcd3970557861,O,0.0,20221207.0,"[1, 0, 0, 0, 1, 1]",1O0,True,1,0,0,0,1,1
728,2023.0,1.0,644f3251f57bcd3970557865,O,0.0,20221207.0,"[0, 1, 0, 0, 1, 1]",1O0,True,0,1,0,0,1,1
730,2023.0,1.0,644f3252f57bcd3970557871,O,0.0,20221207.0,"[1, 1, 0, 0, 1, 0]",1O0,True,1,1,0,0,1,0
731,2023.0,1.0,644f3253f57bcd3970557875,O,0.0,20221207.0,"[0, 0, 0, 0, 0, 0]",1O0,True,0,0,0,0,0,0
732,2023.0,1.0,644f3253f57bcd3970557879,O,0.0,20221207.0,"[1, 0, 1, 0, 1, 1]",1O0,True,1,0,1,0,1,1
734,2023.0,1.0,644f3255f57bcd397055788d,O,0.0,20221207.0,"[0, 1, 0, 1, 1, 1]",1O0,True,0,1,0,1,1,1
735,2023.0,1.0,644f3255f57bcd3970557891,O,0.0,20221207.0,"[1, 1, 0, 0, 1, 1]",1O0,True,1,1,0,0,1,1
736,2023.0,1.0,644f3255f57bcd3970557895,O,0.0,20221207.0,"[1, 0, 1, 1, 1, 1]",1O0,True,1,0,1,1,1,1
737,2023.0,1.0,644f3255f57bcd3970557899,O,0.0,20221207.0,"[0, 0, 0, 0, 1, 1]",1O0,True,0,0,0,0,1,1
738,2023.0,1.0,644f3257f57bcd39705578a5,O,0.0,20221207.0,"[0, 0, 0, 0, 1, 0]",1O0,True,0,0,0,0,1,0
739,2023.0,1.0,644f3257f57bcd39705578a9,O,0.0,20221207.0,"[0, 0, 0, 0, 1, 0]",1O0,True,0,0,0,0,1,0
741,2023.0,1.0,64210fc2c9a8df7fa3d2a276_R,R,0.0,20221207.0,"[1, 1, 1, 0, 1, 1]",1R0,True,1,1,1,0,1,1
742,2023.0,1.0,64210fc3c9a8df7fa3d2a27e_R,R,0.0,20221207.0,"[0, 1, 1, 0, 1, 1]",1R0,True,0,1,1,0,1,1
743,2023.0,1.0,64210fc3c9a8df7fa3d2a282_R,R,0.0,20221207.0,"[1, 0, 1, 1, 1, 1]",1R0,True,1,0,1,1,1,1
744,2023.0,1.0,64210fc4c9a8df7fa3d2a286_R,R,0.0,20221207.0,"[1, 0, 1, 1, 1, 1]",1R0,True,1,0,1,1,1,1
746,2023.0,1.0,64210fc5c9a8df7fa3d2a28e_R,R,0.0,20221207.0,"[1, 1, 1, 1, 1, 1]",1R0,True,1,1,1,1,1,1
747,2023.0,1.0,64210fc5c9a8df7fa3d2a292_R,R,0.0,20221207.0,"[1, 1, 1, 1, 1, 1]",1R0,True,1,1,1,1,1,1
748,2023.0,1.0,64210fc5c9a8df7fa3d2a296_R,R,0.0,20221207.0,"[1, 1, 1, 1, 1, 1]",1R0,True,1,1,1,1,1,1
750,2023.0,1.0,64210fc6c9a8df7fa3d2a29e_R,R,0.0,20221207.0,"[1, 1, 1, 1, 1, 1]",1R0,True,1,1,1,1,1,1
751,2023.0,1.0,64210fc6c9a8df7fa3d2a2a2_R,R,0.0,20221207.0,"[1, 1, 1, 0, 1, 1]",1R0,True,1,1,1,0,1,1
752,2023.0,1.0,64210fc7c9a8df7fa3d2a2a6_R,R,0.0,20221207.0,"[1, 1, 1, 1, 1, 1]",1R0,True,1,1,1,1,1,1
753,2023.0,1.0,64210fc7c9a8df7fa3d2a2aa_R,R,0.0,20221207.0,"[1, 1, 0, 1, 1, 1]",1R0,True,1,1,0,1,1,1
754,2023.0,1.0,64210fc7c9a8df7fa3d2a2ae_R,R,0.0,20221207.0,"[1, 0, 1, 1, 1, 1]",1R0,True,1,0,1,1,1,1
755,2023.0,1.0,64210fc8c9a8df7fa3d2a2b2_R,R,0.0,20221207.0,"[1, 0, 0, 0, 1, 0]",1R0,True,1,0,0,0,1,0
756,2023.0,1.0,64210fc8c9a8df7fa3d2a2b6_R,R,0.0,20221207.0,"[1, 1, 1, 1, 1, 1]",1R0,True,1,1,1,1,1,1
757,2023.0,1.0,64210fc8c9a8df7fa3d2a2ba_R,R,0.0,20221207.0,"[1, 0, 0, 1, 1, 1]",1R0,True,1,0,0,1,1,1
758,2023.0,1.0,64210fc9c9a8df7fa3d2a2be_R,R,0.0,20221207.0,"[0, 0, 0, 0, 0, 0]",1R0,True,0,0,0,0,0,0
759,2023.0,1.0,64210fc9c9a8df7fa3d2a2c2_R,R,0.0,20221207.0,"[1, 0, 1, 1, 1, 1]",1R0,True,1,0,1,1,1,1
760,2023.0,1.0,64210fc9c9a8df7fa3d2a2c6_R,R,0.0,20221207.0,"[1, 1, 1, 1, 1, 1]",1R0,True,1,1,1,1,1,1
761,2023.0,1.0,64210fcac9a8df7fa3d2a2ca_R,R,0.0,20221207.0,"[1, 0, 0, 0, 1, 1]",1R0,True,1,0,0,0,1,1
762,2023.0,1.0,64210fcac9a8df7fa3d2a2ce_R,R,0.0,20221207.0,"[1, 1, 1, 1, 1, 1]",1R0,True,1,1,1,1,1,1
763,2023.0,1.0,64210fcbc9a8df7fa3d2a2d6_R,R,0.0,20221207.0,"[1, 0, 1, 1, 1, 1]",1R0,True,1,0,1,1,1,1
764,2023.0,1.0,64210fcbc9a8df7fa3d2a2da_R,R,0.0,20221207.0,"[0, 1, 0, 1, 1, 1]",1R0,True,0,1,0,1,1,1
766,2023.0,1.0,64210fccc9a8df7fa3d2a2e2_R,R,0.0,20221207.0,"[1, 1, 1, 1, 1, 1]",1R0,True,1,1,1,1,1,1
768,2023.0,1.0,64210fccc9a8df7fa3d2a2e6_R,R,0.0,20221207.0,"[1, 1, 1, 1, 1, 1]",1R0,True,1,1,1,1,1,1
769,2023.0,1.0,64210fccc9a8df7fa3d2a2ea_R,R,0.0,20221207.0,"[1, 1, 1, 1, 1, 1]",1R0,True,1,1,1,1,1,1
770,2023.0,1.0,64210fcdc9a8df7fa3d2a2ee_R,R,0.0,20221207.0,"[1, 0, 0, 0, 1, 1]",1R0,True,1,0,0,0,1,1
771,2023.0,1.0,64210fcdc9a8df7fa3d2a2f2_R,R,0.0,20221207.0,"[1, 1, 1, 1, 1, 1]",1R0,True,1,1,1,1,1,1
772,2023.0,1.0,64210fcdc9a8df7fa3d2a2f6_R,R,0.0,20221207.0,"[1, 1, 1, 1, 1, 1]",1R0,True,1,1,1,1,1,1
773,2023.0,1.0,64210fcdc9a8df7fa3d2a2fa_R,R,0.0,20221207.0,"[1, 1, 0, 1, 1, 1]",1R0,True,1,1,0,1,1,1
774,2023.0,1.0,64210fcec9a8df7fa3d2a2fe_R,R,0.0,20221207.0,"[1, 0, 1, 0, 1, 1]",1R0,True,1,0,1,0,1,1
775,2023.0,1.0,64210fcec9a8df7fa3d2a306_R,R,0.0,20221207.0,"[1, 1, 1, 1, 1, 1]",1R0,True,1,1,1,1,1,1
776,2023.0,1.0,64210fcfc9a8df7fa3d2a30a_R,R,0.0,20221207.0,"[1, 1, 0, 1, 1, 1]",1R0,True,1,1,0,1,1,1
777,2023.0,1.0,64210fd0c9a8df7fa3d2a316_R,R,0.0,20221207.0,"[1, 1, 1, 1, 1, 1]",1R0,True,1,1,1,1,1,1
778,2023.0,1.0,64210fd0c9a8df7fa3d2a31a_R,R,0.0,20221207.0,"[1, 1, 1, 1, 1, 1]",1R0,True,1,1,1,1,1,1
779,2023.0,1.0,64210fd0c9a8df7fa3d2a31e_R,R,0.0,20221207.0,"[1, 1, 1, 1, 1, 1]",1R0,True,1,1,1,1,1,1
780,2023.0,1.0,64210fd1c9a8df7fa3d2a322_R,R,0.0,20221207.0,"[1, 0, 0, 1, 1, 1]",1R0,True,1,0,0,1,1,1
781,2023.0,1.0,64210fd1c9a8df7fa3d2a326_R,R,0.0,20221207.0,"[1, 1, 1, 1, 1, 1]",1R0,True,1,1,1,1,1,1
782,2023.0,1.0,64210fd1c9a8df7fa3d2a32a_R,R,0.0,20221207.0,"[1, 1, 1, 1, 1, 1]",1R0,True,1,1,1,1,1,1
783,2023.0,1.0,64210fd2c9a8df7fa3d2a32e_R,R,0.0,20221207.0,"[1, 1, 0, 1, 1, 1]",1R0,True,1,1,0,1,1,1
784,2023.0,1.0,64210fd2c9a8df7fa3d2a332_R,R,0.0,20221207.0,"[0, 1, 1, 1, 1, 1]",1R0,True,0,1,1,1,1,1
786,2023.0,1.0,64210fd2c9a8df7fa3d2a33a_R,R,0.0,20221207.0,"[1, 0, 1, 1, 1, 1]",1R0,True,1,0,1,1,1,1
787,2023.0,1.0,64210fd3c9a8df7fa3d2a33e_R,R,0.0,20221207.0,"[1, 1, 1, 1, 1, 1]",1R0,True,1,1,1,1,1,1
789,2023.0,1.0,64210fd4c9a8df7fa3d2a34a_R,R,0.0,20221207.0,"[1, 1, 1, 1, 1, 1]",1R0,True,1,1,1,1,1,1
790,2023.0,1.0,64210fd4c9a8df7fa3d2a34e_R,R,0.0,20221207.0,"[1, 1, 1, 1, 0, 1]",1R0,True,1,1,1,1,0,1
791,2023.0,1.0,64210fd4c9a8df7fa3d2a352_R,R,0.0,20221207.0,"[1, 1, 1, 0, 1, 1]",1R0,True,1,1,1,0,1,1
792,2023.0,1.0,64210fd5c9a8df7fa3d2a356_R,R,0.0,20221207.0,"[1, 1, 1, 1, 1, 1]",1R0,True,1,1,1,1,1,1
793,2023.0,1.0,64210fd5c9a8df7fa3d2a35a_R,R,0.0,20221207.0,"[1, 0, 0, 1, 1, 0]",1R0,True,1,0,0,1,1,0
794,2023.0,1.0,64210fd5c9a8df7fa3d2a35e_R,R,0.0,20221207.0,"[1, 1, 0, 1, 1, 1]",1R0,True,1,1,0,1,1,1
795,2023.0,1.0,64210fd6c9a8df7fa3d2a362_R,R,0.0,20221207.0,"[0, 1, 0, 0, 1, 1]",1R0,True,0,1,0,0,1,1
796,2023.0,1.0,64210fd6c9a8df7fa3d2a366_R,R,0.0,20221207.0,"[1, 0, 0, 0, 1, 1]",1R0,True,1,0,0,0,1,1
797,2023.0,1.0,64210fd6c9a8df7fa3d2a36a_R,R,0.0,20221207.0,"[1, 1, 1, 1, 1, 1]",1R0,True,1,1,1,1,1,1
798,2023.0,1.0,64210fd7c9a8df7fa3d2a36e_R,R,0.0,20221207.0,"[1, 1, 1, 1, 1, 0]",1R0,True,1,1,1,1,1,0
799,2023.0,1.0,64210fd7c9a8df7fa3d2a372_R,R,0.0,20221207.0,"[1, 1, 1, 1, 1, 1]",1R0,True,1,1,1,1,1,1
800,2023.0,1.0,64210fd7c9a8df7fa3d2a376_R,R,0.0,20221207.0,"[1, 1, 1, 0, 1, 0]",1R0,True,1,1,1,0,1,0
802,2023.0,1.0,64210fd8c9a8df7fa3d2a382_R,R,0.0,20221207.0,"[0, 0, 1, 1, 1, 1]",1R0,True,0,0,1,1,1,1
803,2023.0,1.0,64210fd8c9a8df7fa3d2a386_R,R,0.0,20221207.0,"[1, 1, 1, 1, 1, 1]",1R0,True,1,1,1,1,1,1
804,2023.0,1.0,64210fd9c9a8df7fa3d2a38a_R,R,0.0,20221207.0,"[1, 1, 0, 1, 1, 1]",1R0,True,1,1,0,1,1,1
805,2023.0,1.0,64210fd9c9a8df7fa3d2a38e_R,R,0.0,20221207.0,"[1, 0, 1, 0, 1, 1]",1R0,True,1,0,1,0,1,1
806,2023.0,1.0,64210fd9c9a8df7fa3d2a392_R,R,0.0,20221207.0,"[1, 1, 1, 1, 1, 1]",1R0,True,1,1,1,1,1,1
807,2023.0,1.0,64210fdac9a8df7fa3d2a396_R,R,0.0,20221207.0,"[1, 1, 0, 1, 1, 1]",1R0,True,1,1,0,1,1,1
808,2023.0,1.0,64210fdac9a8df7fa3d2a39a_R,R,0.0,20221207.0,"[1, 1, 1, 1, 1, 1]",1R0,True,1,1,1,1,1,1
809,2023.0,1.0,64210fdcc9a8df7fa3d2a3ae_R,R,0.0,20221207.0,"[1, 1, 0, 1, 1, 1]",1R0,True,1,1,0,1,1,1
811,2023.0,1.0,64210fdcc9a8df7fa3d2a3b6_R,R,0.0,20221207.0,"[1, 1, 1, 1, 1, 1]",1R0,True,1,1,1,1,1,1
812,2023.0,1.0,64210fddc9a8df7fa3d2a3ba_R,R,0.0,20221207.0,"[1, 1, 1, 1, 1, 1]",1R0,True,1,1,1,1,1,1
813,2023.0,1.0,64210fddc9a8df7fa3d2a3be_R,R,0.0,20221207.0,"[1, 1, 0, 1, 1, 1]",1R0,True,1,1,0,1,1,1
814,2023.0,1.0,64210fddc9a8df7fa3d2a3c2_R,R,0.0,20221207.0,"[1, 1, 1, 1, 1, 1]",1R0,True,1,1,1,1,1,1
815,2023.0,1.0,64210fdec9a8df7fa3d2a3c6_R,R,0.0,20221207.0,"[1, 0, 1, 1, 1, 1]",1R0,True,1,0,1,1,1,1
816,2023.0,1.0,64210fdec9a8df7fa3d2a3ca_R,R,0.0,20221207.0,"[1, 1, 0, 1, 1, 1]",1R0,True,1,1,0,1,1,1
817,2023.0,1.0,64210fdec9a8df7fa3d2a3ce_R,R,0.0,20221207.0,"[1, 0, 1, 1, 1, 1]",1R0,True,1,0,1,1,1,1
818,2023.0,1.0,64210fdfc9a8df7fa3d2a3d2_R,R,0.0,20221207.0,"[1, 1, 1, 1, 0, 1]",1R0,True,1,1,1,1,0,1
819,2023.0,1.0,64210fdfc9a8df7fa3d2a3d6_R,R,0.0,20221207.0,"[1, 0, 1, 1, 0, 1]",1R0,True,1,0,1,1,0,1
820,2023.0,1.0,64210fe0c9a8df7fa3d2a3de_R,R,0.0,20221207.0,"[1, 0, 0, 1, 1, 1]",1R0,True,1,0,0,1,1,1
821,2023.0,1.0,64210fe0c9a8df7fa3d2a3e2_R,R,0.0,20221207.0,"[1, 1, 1, 0, 1, 1]",1R0,True,1,1,1,0,1,1
822,2023.0,1.0,64210fe0c9a8df7fa3d2a3e6_R,R,0.0,20221207.0,"[1, 0, 1, 1, 1, 1]",1R0,True,1,0,1,1,1,1
823,2023.0,1.0,64210fe1c9a8df7fa3d2a3ee_R,R,0.0,20221207.0,"[1, 1, 1, 1, 1, 1]",1R0,True,1,1,1,1,1,1
824,2023.0,1.0,64210fe1c9a8df7fa3d2a3f2_R,R,0.0,20221207.0,"[1, 1, 1, 1, 1, 1]",1R0,True,1,1,1,1,1,1
825,2023.0,1.0,64210fe1c9a8df7fa3d2a3f6_R,R,0.0,20221207.0,"[1, 1, 0, 1, 1, 0]",1R0,True,1,1,0,1,1,0
826,2023.0,1.0,64210fe2c9a8df7fa3d2a3fa_R,R,0.0,20221207.0,"[1, 1, 1, 1, 1, 1]",1R0,True,1,1,1,1,1,1
827,2023.0,1.0,64210fe2c9a8df7fa3d2a3fe_R,R,0.0,20221207.0,"[1, 0, 1, 1, 1, 1]",1R0,True,1,0,1,1,1,1
828,2023.0,1.0,64210fe2c9a8df7fa3d2a402_R,R,0.0,20221207.0,"[1, 1, 1, 1, 1, 1]",1R0,True,1,1,1,1,1,1
829,2023.0,1.0,64210fe3c9a8df7fa3d2a406_R,R,0.0,20221207.0,"[0, 0, 0, 1, 1, 1]",1R0,True,0,0,0,1,1,1
830,2023.0,1.0,64210fe3c9a8df7fa3d2a40a_R,R,0.0,20221207.0,"[1, 1, 1, 1, 1, 1]",1R0,True,1,1,1,1,1,1
831,2023.0,1.0,64210fe4c9a8df7fa3d2a40e_R,R,0.0,20221207.0,"[1, 0, 1, 1, 1, 1]",1R0,True,1,0,1,1,1,1
832,2023.0,1.0,64211204c9a8df7fa3d2b727_R,R,0.0,20221207.0,"[1, 1, 1, 1, 1, 1]",1R0,True,1,1,1,1,1,1
833,2023.0,1.0,64211205c9a8df7fa3d2b72f_R,R,0.0,20221207.0,"[1, 1, 0, 1, 1, 1]",1R0,True,1,1,0,1,1,1
834,2023.0,1.0,64211206c9a8df7fa3d2b733_R,R,0.0,20221207.0,"[1, 0, 0, 0, 1, 1]",1R0,True,1,0,0,0,1,1
835,2023.0,1.0,64211207c9a8df7fa3d2b73b_R,R,0.0,20221207.0,"[1, 1, 1, 1, 1, 1]",1R0,True,1,1,1,1,1,1
836,2023.0,1.0,64211208c9a8df7fa3d2b743_R,R,0.0,20221207.0,"[1, 1, 1, 1, 1, 1]",1R0,True,1,1,1,1,1,1
838,2023.0,1.0,64211209c9a8df7fa3d2b74b_R,R,0.0,20221207.0,"[1, 0, 1, 1, 1, 1]",1R0,True,1,0,1,1,1,1
839,2023.0,1.0,64211209c9a8df7fa3d2b74f_R,R,0.0,20221207.0,"[1, 1, 1, 0, 1, 1]",1R0,True,1,1,1,0,1,1
840,2023.0,1.0,6421120ac9a8df7fa3d2b753_R,R,0.0,20221207.0,"[1, 0, 1, 1, 1, 1]",1R0,True,1,0,1,1,1,1
841,2023.0,1.0,6421120ac9a8df7fa3d2b757_R,R,0.0,20221207.0,"[1, 1, 0, 1, 1, 1]",1R0,True,1,1,0,1,1,1
842,2023.0,1.0,6421120bc9a8df7fa3d2b75b_R,R,0.0,20221207.0,"[1, 0, 1, 0, 1, 1]",1R0,True,1,0,1,0,1,1
843,2023.0,1.0,6421120cc9a8df7fa3d2b767_R,R,0.0,20221207.0,"[1, 1, 0, 1, 1, 1]",1R0,True,1,1,0,1,1,1
844,2023.0,1.0,6421120dc9a8df7fa3d2b76b_R,R,0.0,20221207.0,"[1, 1, 1, 1, 1, 1]",1R0,True,1,1,1,1,1,1
845,2023.0,1.0,6421120dc9a8df7fa3d2b76f_R,R,0.0,20221207.0,"[1, 1, 0, 1, 1, 0]",1R0,True,1,1,0,1,1,0
846,2023.0,1.0,6421120ec9a8df7fa3d2b773_R,R,0.0,20221207.0,"[1, 1, 1, 1, 1, 1]",1R0,True,1,1,1,1,1,1
848,2023.0,1.0,6421120fc9a8df7fa3d2b77b_R,R,0.0,20221207.0,"[1, 1, 1, 1, 1, 1]",1R0,True,1,1,1,1,1,1
850,2023.0,1.0,64211211c9a8df7fa3d2b787_R,R,0.0,20221207.0,"[1, 1, 1, 1, 1, 1]",1R0,True,1,1,1,1,1,1
851,2023.0,1.0,64211211c9a8df7fa3d2b78b_R,R,0.0,20221207.0,"[1, 1, 1, 1, 1, 1]",1R0,True,1,1,1,1,1,1
852,2023.0,1.0,64211212c9a8df7fa3d2b793_R,R,0.0,20221207.0,"[1, 1, 0, 1, 1, 1]",1R0,True,1,1,0,1,1,1
854,2023.0,1.0,64211214c9a8df7fa3d2b79f_R,R,0.0,20221207.0,"[1, 1, 1, 1, 1, 1]",1R0,True,1,1,1,1,1,1
855,2023.0,1.0,64211214c9a8df7fa3d2b7a3_R,R,0.0,20221207.0,"[1, 1, 1, 1, 1, 1]",1R0,True,1,1,1,1,1,1
856,2023.0,1.0,64211216c9a8df7fa3d2b7ab_R,R,0.0,20221207.0,"[1, 1, 1, 1, 1, 1]",1R0,True,1,1,1,1,1,1
857,2023.0,1.0,64211217c9a8df7fa3d2b7af_R,R,0.0,20221207.0,"[1, 1, 1, 1, 1, 1]",1R0,True,1,1,1,1,1,1
858,2023.0,1.0,64211217c9a8df7fa3d2b7b3_R,R,0.0,20221207.0,"[1, 1, 1, 0, 1, 1]",1R0,True,1,1,1,0,1,1
859,2023.0,1.0,64211218c9a8df7fa3d2b7b7_R,R,0.0,20221207.0,"[1, 1, 1, 1, 1, 1]",1R0,True,1,1,1,1,1,1
860,2023.0,1.0,64211218c9a8df7fa3d2b7bb_R,R,0.0,20221207.0,"[1, 1, 1, 1, 1, 1]",1R0,True,1,1,1,1,1,1
861,2023.0,1.0,64211219c9a8df7fa3d2b7bf_R,R,0.0,20221207.0,"[1, 1, 1, 0, 1, 0]",1R0,True,1,1,1,0,1,0
862,2023.0,1.0,6421121ac9a8df7fa3d2b7c7_R,R,0.0,20221207.0,"[1, 1, 1, 1, 1, 1]",1R0,True,1,1,1,1,1,1
863,2023.0,1.0,6421121ac9a8df7fa3d2b7cb_R,R,0.0,20221207.0,"[1, 1, 1, 1, 1, 1]",1R0,True,1,1,1,1,1,1
864,2023.0,1.0,6421121bc9a8df7fa3d2b7cf_R,R,0.0,20221207.0,"[1, 1, 1, 1, 1, 1]",1R0,True,1,1,1,1,1,1
865,2023.0,1.0,6421121bc9a8df7fa3d2b7d3_R,R,0.0,20221207.0,"[1, 1, 0, 0, 1, 1]",1R0,True,1,1,0,0,1,1
866,2023.0,1.0,6421121cc9a8df7fa3d2b7d7_R,R,0.0,20221207.0,"[1, 1, 1, 1, 1, 1]",1R0,True,1,1,1,1,1,1
867,2023.0,1.0,6421121cc9a8df7fa3d2b7db_R,R,0.0,20221207.0,"[1, 1, 1, 1, 1, 1]",1R0,True,1,1,1,1,1,1
868,2023.0,1.0,6421121dc9a8df7fa3d2b7df_R,R,0.0,20221207.0,"[0, 1, 1, 0, 1, 1]",1R0,True,0,1,1,0,1,1
869,2023.0,1.0,6421121ec9a8df7fa3d2b7e3_R,R,0.0,20221207.0,"[1, 1, 1, 1, 1, 1]",1R0,True,1,1,1,1,1,1
870,2023.0,1.0,6421121fc9a8df7fa3d2b7eb_R,R,0.0,20221207.0,"[1, 1, 1, 1, 1, 1]",1R0,True,1,1,1,1,1,1
871,2023.0,1.0,6421121fc9a8df7fa3d2b7ef_R,R,0.0,20221207.0,"[1, 1, 1, 1, 1, 1]",1R0,True,1,1,1,1,1,1
872,2023.0,1.0,64211220c9a8df7fa3d2b7f3_R,R,0.0,20221207.0,"[1, 1, 1, 1, 1, 1]",1R0,True,1,1,1,1,1,1
873,2023.0,1.0,64211220c9a8df7fa3d2b7f7_R,R,0.0,20221207.0,"[1, 1, 1, 1, 1, 1]",1R0,True,1,1,1,1,1,1
874,2023.0,1.0,64211221c9a8df7fa3d2b7fb_R,R,0.0,20221207.0,"[1, 1, 1, 1, 1, 1]",1R0,True,1,1,1,1,1,1
875,2023.0,1.0,64211222c9a8df7fa3d2b7ff_R,R,0.0,20221207.0,"[1, 1, 1, 1, 1, 0]",1R0,True,1,1,1,1,1,0
876,2023.0,1.0,64211222c9a8df7fa3d2b803_R,R,0.0,20221207.0,"[1, 1, 1, 1, 1, 1]",1R0,True,1,1,1,1,1,1
877,2023.0,1.0,64211223c9a8df7fa3d2b80b_R,R,0.0,20221207.0,"[0, 0, 0, 1, 1, 1]",1R0,True,0,0,0,1,1,1
880,2023.0,1.0,64211225c9a8df7fa3d2b81b_R,R,0.0,20221207.0,"[1, 1, 1, 0, 1, 1]",1R0,True,1,1,1,0,1,1
881,2023.0,1.0,64211226c9a8df7fa3d2b81f_R,R,0.0,20221207.0,"[0, 0, 1, 0, 1, 1]",1R0,True,0,0,1,0,1,1
882,2023.0,1.0,64211226c9a8df7fa3d2b823_R,R,0.0,20221207.0,"[1, 1, 1, 1, 1, 1]",1R0,True,1,1,1,1,1,1
883,2023.0,1.0,64211227c9a8df7fa3d2b827_R,R,0.0,20221207.0,"[0, 0, 1, 0, 1, 0]",1R0,True,0,0,1,0,1,0
884,2023.0,1.0,64211227c9a8df7fa3d2b82b_R,R,0.0,20221207.0,"[1, 1, 1, 1, 1, 1]",1R0,True,1,1,1,1,1,1
885,2023.0,1.0,64211228c9a8df7fa3d2b82f_R,R,0.0,20221207.0,"[1, 1, 1, 1, 1, 1]",1R0,True,1,1,1,1,1,1
886,2023.0,1.0,64211228c9a8df7fa3d2b833_R,R,0.0,20221207.0,"[1, 1, 1, 1, 1, 1]",1R0,True,1,1,1,1,1,1
888,2023.0,1.0,6421122ac9a8df7fa3d2b83f_R,R,0.0,20221207.0,"[1, 1, 1, 1, 1, 1]",1R0,True,1,1,1,1,1,1
889,2023.0,1.0,6421122ac9a8df7fa3d2b843_R,R,0.0,20221207.0,"[1, 1, 1, 1, 1, 1]",1R0,True,1,1,1,1,1,1
890,2023.0,1.0,6421122bc9a8df7fa3d2b847_R,R,0.0,20221207.0,"[1, 1, 1, 1, 1, 1]",1R0,True,1,1,1,1,1,1
891,2023.0,1.0,6421122dc9a8df7fa3d2b857_R,R,0.0,20221207.0,"[1, 1, 1, 1, 1, 1]",1R0,True,1,1,1,1,1,1
892,2023.0,1.0,6421122ec9a8df7fa3d2b85f_R,R,0.0,20221207.0,"[1, 1, 1, 1, 1, 1]",1R0,True,1,1,1,1,1,1
895,2023.0,1.0,6421122fc9a8df7fa3d2b86f_R,R,0.0,20221207.0,"[1, 1, 1, 1, 1, 1]",1R0,True,1,1,1,1,1,1
896,2023.0,1.0,64211230c9a8df7fa3d2b877_R,R,0.0,20221207.0,"[1, 1, 1, 1, 1, 1]",1R0,True,1,1,1,1,1,1
897,2023.0,1.0,64211231c9a8df7fa3d2b87b_R,R,0.0,20221207.0,"[1, 1, 1, 1, 1, 1]",1R0,True,1,1,1,1,1,1
899,2023.0,1.0,64211232c9a8df7fa3d2b883_R,R,0.0,20221207.0,"[0, 0, 1, 0, 1, 1]",1R0,True,0,0,1,0,1,1
900,2023.0,1.0,64211233c9a8df7fa3d2b88b_R,R,0.0,20221207.0,"[1, 1, 0, 1, 1, 1]",1R0,True,1,1,0,1,1,1
901,2023.0,1.0,64211234c9a8df7fa3d2b893_R,R,0.0,20221207.0,"[1, 0, 0, 0, 1, 1]",1R0,True,1,0,0,0,1,1
902,2023.0,1.0,64211235c9a8df7fa3d2b897_R,R,0.0,20221207.0,"[1, 1, 1, 0, 1, 1]",1R0,True,1,1,1,0,1,1
903,2023.0,1.0,64211235c9a8df7fa3d2b89b_R,R,0.0,20221207.0,"[1, 1, 1, 1, 1, 1]",1R0,True,1,1,1,1,1,1
904,2023.0,1.0,64211237c9a8df7fa3d2b8a3_R,R,0.0,20221207.0,"[1, 1, 1, 1, 1, 1]",1R0,True,1,1,1,1,1,1
905,2023.0,1.0,64211237c9a8df7fa3d2b8a7_R,R,0.0,20221207.0,"[1, 1, 1, 1, 1, 1]",1R0,True,1,1,1,1,1,1
906,2023.0,1.0,64211238c9a8df7fa3d2b8ab_R,R,0.0,20221207.0,"[1, 1, 1, 1, 1, 1]",1R0,True,1,1,1,1,1,1
907,2023.0,1.0,64211187c9a8df7fa3d2b133_R,R,0.0,20221207.0,"[1, 1, 1, 1, 1, 1]",1R0,True,1,1,1,1,1,1
908,2023.0,1.0,64211189c9a8df7fa3d2b13f_R,R,0.0,20221207.0,"[1, 1, 1, 1, 1, 1]",1R0,True,1,1,1,1,1,1
909,2023.0,1.0,6421118ac9a8df7fa3d2b147_R,R,0.0,20221207.0,"[0, 0, 0, 0, 0, 1]",1R0,True,0,0,0,0,0,1
910,2023.0,1.0,6421118bc9a8df7fa3d2b153_R,R,0.0,20221207.0,"[0, 1, 1, 0, 1, 1]",1R0,True,0,1,1,0,1,1
911,2023.0,1.0,6421118dc9a8df7fa3d2b163_R,R,0.0,20221207.0,"[1, 1, 1, 1, 1, 1]",1R0,True,1,1,1,1,1,1
912,2023.0,1.0,6421118ec9a8df7fa3d2b167_R,R,0.0,20221207.0,"[1, 0, 1, 1, 1, 1]",1R0,True,1,0,1,1,1,1
913,2023.0,1.0,6421118ec9a8df7fa3d2b16b_R,R,0.0,20221207.0,"[1, 1, 1, 1, 1, 1]",1R0,True,1,1,1,1,1,1
914,2023.0,1.0,6421118fc9a8df7fa3d2b173_R,R,0.0,20221207.0,"[1, 0, 0, 1, 1, 1]",1R0,True,1,0,0,1,1,1
915,2023.0,1.0,64211190c9a8df7fa3d2b177_R,R,0.0,20221207.0,"[1, 0, 1, 1, 1, 1]",1R0,True,1,0,1,1,1,1
916,2023.0,1.0,64211190c9a8df7fa3d2b17b_R,R,0.0,20221207.0,"[1, 1, 1, 1, 1, 1]",1R0,True,1,1,1,1,1,1
918,2023.0,1.0,64211191c9a8df7fa3d2b183_R,R,0.0,20221207.0,"[1, 1, 1, 1, 1, 1]",1R0,True,1,1,1,1,1,1
919,2023.0,1.0,64211192c9a8df7fa3d2b187_R,R,0.0,20221207.0,"[1, 1, 1, 1, 1, 1]",1R0,True,1,1,1,1,1,1
920,2023.0,1.0,64211192c9a8df7fa3d2b18b_R,R,0.0,20221207.0,"[1, 1, 1, 1, 1, 1]",1R0,True,1,1,1,1,1,1
921,2023.0,1.0,64211192c9a8df7fa3d2b18f_R,R,0.0,20221207.0,"[1, 1, 1, 1, 1, 1]",1R0,True,1,1,1,1,1,1
922,2023.0,1.0,64211193c9a8df7fa3d2b197_R,R,0.0,20221207.0,"[0, 1, 0, 0, 1, 1]",1R0,True,0,1,0,0,1,1
923,2023.0,1.0,64211194c9a8df7fa3d2b19b_R,R,0.0,20221207.0,"[1, 1, 1, 1, 1, 1]",1R0,True,1,1,1,1,1,1
924,2023.0,1.0,64211195c9a8df7fa3d2b1a7_R,R,0.0,20221207.0,"[1, 1, 1, 0, 1, 0]",1R0,True,1,1,1,0,1,0
925,2023.0,1.0,64211196c9a8df7fa3d2b1ab_R,R,0.0,20221207.0,"[1, 1, 1, 1, 1, 1]",1R0,True,1,1,1,1,1,1
926,2023.0,1.0,64211196c9a8df7fa3d2b1af_R,R,0.0,20221207.0,"[1, 0, 1, 0, 1, 1]",1R0,True,1,0,1,0,1,1
928,2023.0,1.0,64211197c9a8df7fa3d2b1b7_R,R,0.0,20221207.0,"[1, 0, 1, 0, 1, 1]",1R0,True,1,0,1,0,1,1
931,2023.0,1.0,6421119ac9a8df7fa3d2b1cf_R,R,0.0,20221207.0,"[1, 1, 1, 1, 1, 1]",1R0,True,1,1,1,1,1,1
933,2023.0,1.0,6421119cc9a8df7fa3d2b1db_R,R,0.0,20221207.0,"[1, 1, 0, 1, 1, 1]",1R0,True,1,1,0,1,1,1
934,2023.0,1.0,6421119cc9a8df7fa3d2b1df_R,R,0.0,20221207.0,"[1, 1, 1, 1, 1, 1]",1R0,True,1,1,1,1,1,1
936,2023.0,1.0,6421119ec9a8df7fa3d2b1ef_R,R,0.0,20221207.0,"[0, 1, 1, 1, 1, 1]",1R0,True,0,1,1,1,1,1
937,2023.0,1.0,642110aec9a8df7fa3d2a88f_R,R,0.0,20221207.0,"[1, 0, 1, 1, 1, 0]",1R0,True,1,0,1,1,1,0
938,2023.0,1.0,642110aec9a8df7fa3d2a893_R,R,0.0,20221207.0,"[1, 1, 1, 1, 1, 1]",1R0,True,1,1,1,1,1,1
939,2023.0,1.0,642110afc9a8df7fa3d2a8a3_R,R,0.0,20221207.0,"[0, 1, 0, 0, 1, 0]",1R0,True,0,1,0,0,1,0
940,2023.0,1.0,642110afc9a8df7fa3d2a8a7_R,R,0.0,20221207.0,"[1, 1, 1, 0, 1, 1]",1R0,True,1,1,1,0,1,1
941,2023.0,1.0,642110b0c9a8df7fa3d2a8af_R,R,0.0,20221207.0,"[1, 1, 1, 1, 1, 1]",1R0,True,1,1,1,1,1,1
942,2023.0,1.0,642110b1c9a8df7fa3d2a8b3_R,R,0.0,20221207.0,"[0, 0, 1, 1, 1, 1]",1R0,True,0,0,1,1,1,1
943,2023.0,1.0,642110b2c9a8df7fa3d2a8bf_R,R,0.0,20221207.0,"[1, 1, 1, 1, 1, 1]",1R0,True,1,1,1,1,1,1
944,2023.0,1.0,642110b2c9a8df7fa3d2a8c7_R,R,0.0,20221207.0,"[1, 1, 1, 1, 1, 1]",1R0,True,1,1,1,1,1,1
945,2023.0,1.0,642110b3c9a8df7fa3d2a8cf_R,R,0.0,20221207.0,"[1, 1, 1, 1, 1, 1]",1R0,True,1,1,1,1,1,1
946,2023.0,1.0,642110b3c9a8df7fa3d2a8d3_R,R,0.0,20221207.0,"[1, 0, 1, 1, 1, 1]",1R0,True,1,0,1,1,1,1
947,2023.0,1.0,642110b5c9a8df7fa3d2a8e7_R,R,0.0,20221207.0,"[1, 1, 1, 1, 1, 1]",1R0,True,1,1,1,1,1,1
948,2023.0,1.0,642110b5c9a8df7fa3d2a8eb_R,R,0.0,20221207.0,"[1, 1, 1, 1, 1, 1]",1R0,True,1,1,1,1,1,1
949,2023.0,1.0,642110b6c9a8df7fa3d2a8f3_R,R,0.0,20221207.0,"[1, 1, 1, 0, 1, 1]",1R0,True,1,1,1,0,1,1
950,2023.0,1.0,642110b6c9a8df7fa3d2a8fb_R,R,0.0,20221207.0,"[1, 1, 1, 1, 1, 1]",1R0,True,1,1,1,1,1,1
951,2023.0,1.0,642110b7c9a8df7fa3d2a8ff_R,R,0.0,20221207.0,"[1, 0, 0, 1, 1, 1]",1R0,True,1,0,0,1,1,1
952,2023.0,1.0,642110b7c9a8df7fa3d2a907_R,R,0.0,20221207.0,"[1, 1, 1, 1, 1, 1]",1R0,True,1,1,1,1,1,1
953,2023.0,1.0,642110b8c9a8df7fa3d2a90b_R,R,0.0,20221207.0,"[1, 1, 1, 1, 1, 1]",1R0,True,1,1,1,1,1,1
954,2023.0,1.0,642110b9c9a8df7fa3d2a913_R,R,0.0,20221207.0,"[1, 1, 1, 1, 1, 1]",1R0,True,1,1,1,1,1,1
956,2023.0,1.0,642110bac9a8df7fa3d2a91b_R,R,0.0,20221207.0,"[1, 1, 0, 1, 1, 1]",1R0,True,1,1,0,1,1,1
957,2023.0,1.0,642110cac9a8df7fa3d2a9db_R,R,0.0,20221207.0,"[1, 1, 1, 1, 1, 1]",1R0,True,1,1,1,1,1,1
958,2023.0,1.0,642110cbc9a8df7fa3d2a9e7_R,R,0.0,20221207.0,"[1, 1, 1, 1, 1, 1]",1R0,True,1,1,1,1,1,1
959,2023.0,1.0,642110ccc9a8df7fa3d2a9eb_R,R,0.0,20221207.0,"[1, 1, 1, 1, 1, 1]",1R0,True,1,1,1,1,1,1
960,2023.0,1.0,642110ccc9a8df7fa3d2a9ef_R,R,0.0,20221207.0,"[1, 1, 1, 1, 1, 1]",1R0,True,1,1,1,1,1,1
961,2023.0,1.0,642110ccc9a8df7fa3d2a9f3_R,R,0.0,20221207.0,"[1, 1, 0, 0, 1, 1]",1R0,True,1,1,0,0,1,1
962,2023.0,1.0,642110cdc9a8df7fa3d2a9f7_R,R,0.0,20221207.0,"[0, 1, 1, 0, 1, 1]",1R0,True,0,1,1,0,1,1
963,2023.0,1.0,642110cdc9a8df7fa3d2a9ff_R,R,0.0,20221207.0,"[1, 1, 1, 1, 1, 1]",1R0,True,1,1,1,1,1,1
964,2023.0,1.0,642110cec9a8df7fa3d2aa07_R,R,0.0,20221207.0,"[0, 1, 1, 1, 1, 1]",1R0,True,0,1,1,1,1,1
965,2023.0,1.0,642110cec9a8df7fa3d2aa0b_R,R,0.0,20221207.0,"[1, 1, 1, 0, 1, 1]",1R0,True,1,1,1,0,1,1
966,2023.0,1.0,642110d0c9a8df7fa3d2aa1b_R,R,0.0,20221207.0,"[0, 0, 0, 0, 1, 1]",1R0,True,0,0,0,0,1,1
967,2023.0,1.0,642110d0c9a8df7fa3d2aa1f_R,R,0.0,20221207.0,"[1, 1, 1, 1, 1, 1]",1R0,True,1,1,1,1,1,1
968,2023.0,1.0,642110bac9a8df7fa3d2a91f_R,R,0.0,20221207.0,"[1, 1, 1, 1, 1, 1]",1R0,True,1,1,1,1,1,1
969,2023.0,1.0,642110bcc9a8df7fa3d2a92f_R,R,0.0,20221207.0,"[1, 1, 1, 1, 1, 0]",1R0,True,1,1,1,1,1,0
970,2023.0,1.0,642110bdc9a8df7fa3d2a937_R,R,0.0,20221207.0,"[1, 1, 1, 1, 1, 1]",1R0,True,1,1,1,1,1,1
971,2023.0,1.0,642110bdc9a8df7fa3d2a93f_R,R,0.0,20221207.0,"[1, 1, 1, 1, 1, 1]",1R0,True,1,1,1,1,1,1
972,2023.0,1.0,642110bec9a8df7fa3d2a943_R,R,0.0,20221207.0,"[1, 1, 1, 1, 1, 1]",1R0,True,1,1,1,1,1,1
973,2023.0,1.0,642110bec9a8df7fa3d2a947_R,R,0.0,20221207.0,"[1, 1, 1, 1, 1, 1]",1R0,True,1,1,1,1,1,1
974,2023.0,1.0,642110bec9a8df7fa3d2a94b_R,R,0.0,20221207.0,"[1, 0, 1, 0, 1, 1]",1R0,True,1,0,1,0,1,1
975,2023.0,1.0,642110bfc9a8df7fa3d2a94f_R,R,0.0,20221207.0,"[0, 0, 0, 1, 1, 0]",1R0,True,0,0,0,1,1,0
976,2023.0,1.0,642110bfc9a8df7fa3d2a957_R,R,0.0,20221207.0,"[1, 1, 0, 1, 1, 1]",1R0,True,1,1,0,1,1,1
977,2023.0,1.0,642110bfc9a8df7fa3d2a95b_R,R,0.0,20221207.0,"[0, 1, 1, 1, 1, 1]",1R0,True,0,1,1,1,1,1
978,2023.0,1.0,642110c0c9a8df7fa3d2a95f_R,R,0.0,20221207.0,"[1, 1, 1, 1, 1, 1]",1R0,True,1,1,1,1,1,1
980,2023.0,1.0,642110c0c9a8df7fa3d2a967_R,R,0.0,20221207.0,"[1, 1, 1, 1, 1, 1]",1R0,True,1,1,1,1,1,1
981,2023.0,1.0,642110c1c9a8df7fa3d2a96b_R,R,0.0,20221207.0,"[1, 0, 0, 1, 1, 1]",1R0,True,1,0,0,1,1,1
982,2023.0,1.0,642110c1c9a8df7fa3d2a96f_R,R,0.0,20221207.0,"[0, 0, 0, 1, 1, 1]",1R0,True,0,0,0,1,1,1
983,2023.0,1.0,642110c1c9a8df7fa3d2a973_R,R,0.0,20221207.0,"[1, 1, 1, 1, 1, 1]",1R0,True,1,1,1,1,1,1
984,2023.0,1.0,642110c2c9a8df7fa3d2a977_R,R,0.0,20221207.0,"[1, 1, 0, 0, 1, 1]",1R0,True,1,1,0,0,1,1
985,2023.0,1.0,642110c2c9a8df7fa3d2a97b_R,R,0.0,20221207.0,"[1, 1, 0, 1, 1, 1]",1R0,True,1,1,0,1,1,1
986,2023.0,1.0,642110c3c9a8df7fa3d2a983_R,R,0.0,20221207.0,"[1, 1, 1, 1, 1, 1]",1R0,True,1,1,1,1,1,1
987,2023.0,1.0,642110c4c9a8df7fa3d2a98f_R,R,0.0,20221207.0,"[0, 0, 1, 1, 1, 1]",1R0,True,0,0,1,1,1,1
988,2023.0,1.0,642110c4c9a8df7fa3d2a993_R,R,0.0,20221207.0,"[0, 0, 0, 0, 1, 0]",1R0,True,0,0,0,0,1,0
989,2023.0,1.0,642110c4c9a8df7fa3d2a997_R,R,0.0,20221207.0,"[1, 1, 1, 1, 1, 1]",1R0,True,1,1,1,1,1,1
990,2023.0,1.0,642110c5c9a8df7fa3d2a9a3_R,R,0.0,20221207.0,"[0, 1, 0, 1, 1, 1]",1R0,True,0,1,0,1,1,1
991,2023.0,1.0,642110c6c9a8df7fa3d2a9a7_R,R,0.0,20221207.0,"[0, 1, 1, 1, 1, 0]",1R0,True,0,1,1,1,1,0
992,2023.0,1.0,642110c6c9a8df7fa3d2a9af_R,R,0.0,20221207.0,"[1, 1, 1, 1, 1, 1]",1R0,True,1,1,1,1,1,1
993,2023.0,1.0,642110c7c9a8df7fa3d2a9b3_R,R,0.0,20221207.0,"[1, 1, 1, 1, 1, 1]",1R0,True,1,1,1,1,1,1
994,2023.0,1.0,642110c7c9a8df7fa3d2a9bb_R,R,0.0,20221207.0,"[1, 1, 0, 0, 1, 1]",1R0,True,1,1,0,0,1,1
995,2023.0,1.0,642110c9c9a8df7fa3d2a9cb_R,R,0.0,20221207.0,"[1, 1, 0, 1, 1, 1]",1R0,True,1,1,0,1,1,1
996,2023.0,1.0,6459950694c9f2071335ecf5_R,R,0.0,20221207.0,"[1, 1, 1, 1, 1, 1]",1R0,True,1,1,1,1,1,1
997,2023.0,1.0,6459950694c9f2071335ecfd_R,R,0.0,20221207.0,"[1, 1, 0, 0, 1, 1]",1R0,True,1,1,0,0,1,1
998,2023.0,1.0,6459950794c9f2071335ed01_R,R,0.0,20221207.0,"[0, 1, 0, 0, 1, 1]",1R0,True,0,1,0,0,1,1
999,2023.0,1.0,6459950794c9f2071335ed05_R,R,0.0,20221207.0,"[1, 0, 1, 0, 1, 1]",1R0,True,1,0,1,0,1,1
1000,2023.0,1.0,6459950794c9f2071335ed09_R,R,0.0,20221207.0,"[1, 1, 1, 1, 1, 1]",1R0,True,1,1,1,1,1,1
1001,2023.0,1.0,6459950894c9f2071335ed0d_R,R,0.0,20221207.0,"[1, 1, 1, 1, 1, 1]",1R0,True,1,1,1,1,1,1
1002,2023.0,1.0,6459950894c9f2071335ed11_R,R,0.0,20221207.0,"[1, 1, 1, 1, 1, 1]",1R0,True,1,1,1,1,1,1
1003,2023.0,1.0,6459950994c9f2071335ed19_R,R,0.0,20221207.0,"[0, 1, 1, 1, 1, 1]",1R0,True,0,1,1,1,1,1
1004,2023.0,1.0,6459950994c9f2071335ed1d_R,R,0.0,20221207.0,"[1, 1, 0, 1, 1, 1]",1R0,True,1,1,0,1,1,1
1005,2023.0,1.0,6459950a94c9f2071335ed25_R,R,0.0,20221207.0,"[1, 0, 0, 1, 1, 1]",1R0,True,1,0,0,1,1,1
1006,2023.0,1.0,6459950a94c9f2071335ed29_R,R,0.0,20221207.0,"[1, 1, 0, 1, 1, 0]",1R0,True,1,1,0,1,1,0
1008,2023.0,1.0,6459950b94c9f2071335ed39_R,R,0.0,20221207.0,"[1, 1, 0, 1, 1, 1]",1R0,True,1,1,0,1,1,1
1010,2023.0,1.0,6459950c94c9f2071335ed49_R,R,0.0,20221207.0,"[1, 1, 1, 1, 1, 1]",1R0,True,1,1,1,1,1,1
1011,2023.0,1.0,6459950d94c9f2071335ed4d_R,R,0.0,20221207.0,"[1, 1, 1, 1, 1, 1]",1R0,True,1,1,1,1,1,1
1012,2023.0,1.0,6459950d94c9f2071335ed55_R,R,0.0,20221207.0,"[1, 1, 1, 1, 1, 1]",1R0,True,1,1,1,1,1,1
1013,2023.0,1.0,6459950e94c9f2071335ed59_R,R,0.0,20221207.0,"[1, 1, 1, 1, 1, 1]",1R0,True,1,1,1,1,1,1
1014,2023.0,1.0,6459950e94c9f2071335ed5d_R,R,0.0,20221207.0,"[0, 0, 0, 0, 1, 0]",1R0,True,0,0,0,0,1,0
1015,2023.0,1.0,6459950e94c9f2071335ed61_R,R,0.0,20221207.0,"[0, 1, 1, 1, 1, 1]",1R0,True,0,1,1,1,1,1
1016,2023.0,1.0,6459950f94c9f2071335ed65_R,R,0.0,20221207.0,"[1, 1, 1, 0, 1, 1]",1R0,True,1,1,1,0,1,1
1017,2023.0,1.0,6459950f94c9f2071335ed6d_R,R,0.0,20221207.0,"[0, 0, 0, 0, 1, 0]",1R0,True,0,0,0,0,1,0
1020,2023.0,1.0,6459951194c9f2071335ed85_R,R,0.0,20221207.0,"[1, 1, 0, 1, 1, 1]",1R0,True,1,1,0,1,1,1
1022,2023.0,1.0,6459951294c9f2071335ed91_R,R,0.0,20221207.0,"[1, 1, 1, 1, 1, 1]",1R0,True,1,1,1,1,1,1
1023,2023.0,1.0,6459951294c9f2071335ed95_R,R,0.0,20221207.0,"[1, 0, 1, 0, 1, 1]",1R0,True,1,0,1,0,1,1
1024,2023.0,1.0,6459951394c9f2071335ed9d_R,R,0.0,20221207.0,"[1, 0, 1, 1, 1, 1]",1R0,True,1,0,1,1,1,1
1025,2023.0,1.0,6459951394c9f2071335eda1_R,R,0.0,20221207.0,"[0, 1, 0, 1, 1, 1]",1R0,True,0,1,0,1,1,1
1026,2023.0,1.0,6459951494c9f2071335edad_R,R,0.0,20221207.0,"[1, 1, 1, 1, 1, 1]",1R0,True,1,1,1,1,1,1
1027,2023.0,1.0,6459951594c9f2071335edb1_R,R,0.0,20221207.0,"[1, 1, 1, 1, 1, 1]",1R0,True,1,1,1,1,1,1
1028,2023.0,1.0,6459951594c9f2071335edb5_R,R,0.0,20221207.0,"[0, 1, 1, 1, 1, 0]",1R0,True,0,1,1,1,1,0
1029,2023.0,1.0,6459951594c9f2071335edb9_R,R,0.0,20221207.0,"[1, 1, 1, 1, 1, 1]",1R0,True,1,1,1,1,1,1
1030,2023.0,1.0,6459951694c9f2071335edc9_R,R,0.0,20221207.0,"[1, 1, 1, 1, 1, 1]",1R0,True,1,1,1,1,1,1
1031,2023.0,1.0,6459951794c9f2071335edd1_R,R,0.0,20221207.0,"[1, 1, 1, 1, 1, 1]",1R0,True,1,1,1,1,1,1
1032,2023.0,1.0,6459951794c9f2071335edd5_R,R,0.0,20221207.0,"[0, 1, 0, 1, 1, 1]",1R0,True,0,1,0,1,1,1
1033,2023.0,1.0,6459951994c9f2071335edf1_R,R,0.0,20221207.0,"[1, 1, 1, 1, 1, 1]",1R0,True,1,1,1,1,1,1
1034,2023.0,1.0,6459951a94c9f2071335edf5_R,R,0.0,20221207.0,"[1, 1, 1, 1, 1, 1]",1R0,True,1,1,1,1,1,1
1035,2023.0,1.0,6459951b94c9f2071335ee05_R,R,0.0,20221207.0,"[1, 1, 1, 1, 1, 1]",1R0,True,1,1,1,1,1,1
1036,2023.0,1.0,6459951c94c9f2071335ee15_R,R,0.0,20221207.0,"[1, 1, 1, 1, 1, 1]",1R0,True,1,1,1,1,1,1
1037,2023.0,1.0,6459951d94c9f2071335ee21_R,R,0.0,20221207.0,"[1, 0, 0, 1, 0, 1]",1R0,True,1,0,0,1,0,1
1038,2023.0,1.0,6459951e94c9f2071335ee25_R,R,0.0,20221207.0,"[1, 1, 1, 1, 1, 1]",1R0,True,1,1,1,1,1,1
1039,2023.0,1.0,6459951e94c9f2071335ee2d_R,R,0.0,20221207.0,"[1, 1, 1, 1, 1, 1]",1R0,True,1,1,1,1,1,1
1040,2023.0,1.0,6459951e94c9f2071335ee31_R,R,0.0,20221207.0,"[0, 1, 0, 0, 1, 0]",1R0,True,0,1,0,0,1,0
1041,2023.0,1.0,6459951f94c9f2071335ee39_R,R,0.0,20221207.0,"[0, 1, 1, 0, 0, 1]",1R0,True,0,1,1,0,0,1
1042,2023.0,1.0,6459951f94c9f2071335ee3d_R,R,0.0,20221207.0,"[0, 0, 0, 0, 1, 1]",1R0,True,0,0,0,0,1,1
1043,2023.0,1.0,6459952094c9f2071335ee41_R,R,0.0,20221207.0,"[1, 0, 0, 1, 1, 1]",1R0,True,1,0,0,1,1,1
1044,2023.0,1.0,6459952194c9f2071335ee4d_R,R,0.0,20221207.0,"[1, 1, 0, 1, 1, 1]",1R0,True,1,1,0,1,1,1
1045,2023.0,1.0,6459952194c9f2071335ee51_R,R,0.0,20221207.0,"[1, 1, 1, 1, 1, 1]",1R0,True,1,1,1,1,1,1
1046,2023.0,1.0,6459952294c9f2071335ee5d_R,R,0.0,20221207.0,"[1, 1, 0, 1, 1, 1]",1R0,True,1,1,0,1,1,1
1047,2023.0,1.0,6459952294c9f2071335ee61_R,R,0.0,20221207.0,"[1, 0, 1, 0, 1, 1]",1R0,True,1,0,1,0,1,1
1048,2023.0,1.0,6459952394c9f2071335ee65_R,R,0.0,20221207.0,"[1, 1, 1, 1, 1, 1]",1R0,True,1,1,1,1,1,1
1049,2023.0,1.0,6459943b94c9f2071335bc79_R,R,0.0,20221207.0,"[1, 1, 1, 1, 1, 1]",1R0,True,1,1,1,1,1,1
1050,2023.0,1.0,6459943c94c9f2071335bc89_R,R,0.0,20221207.0,"[1, 1, 0, 1, 1, 1]",1R0,True,1,1,0,1,1,1
1051,2023.0,1.0,6459943d94c9f2071335bc8d_R,R,0.0,20221207.0,"[1, 1, 1, 1, 1, 1]",1R0,True,1,1,1,1,1,1
1052,2023.0,1.0,6459943d94c9f2071335bc91_R,R,0.0,20221207.0,"[1, 0, 1, 1, 1, 1]",1R0,True,1,0,1,1,1,1
1053,2023.0,1.0,6459943f94c9f2071335bca1_R,R,0.0,20221207.0,"[1, 1, 1, 1, 1, 1]",1R0,True,1,1,1,1,1,1
1054,2023.0,1.0,6459943f94c9f2071335bca5_R,R,0.0,20221207.0,"[1, 1, 0, 1, 1, 1]",1R0,True,1,1,0,1,1,1
1055,2023.0,1.0,6459943f94c9f2071335bca9_R,R,0.0,20221207.0,"[1, 1, 1, 1, 1, 1]",1R0,True,1,1,1,1,1,1
1056,2023.0,1.0,6459944094c9f2071335bcb5_R,R,0.0,20221207.0,"[1, 1, 1, 1, 1, 1]",1R0,True,1,1,1,1,1,1
1057,2023.0,1.0,6459944194c9f2071335bcbd_R,R,0.0,20221207.0,"[1, 1, 1, 1, 1, 1]",1R0,True,1,1,1,1,1,1
1058,2023.0,1.0,6459944194c9f2071335bcc5_R,R,0.0,20221207.0,"[1, 1, 1, 1, 1, 1]",1R0,True,1,1,1,1,1,1
1060,2023.0,1.0,6459944394c9f2071335bcd5_R,R,0.0,20221207.0,"[1, 1, 1, 1, 1, 1]",1R0,True,1,1,1,1,1,1
1061,2023.0,1.0,6459944394c9f2071335bcd9_R,R,0.0,20221207.0,"[1, 1, 1, 1, 1, 1]",1R0,True,1,1,1,1,1,1
1062,2023.0,1.0,6459944394c9f2071335bcdd_R,R,0.0,20221207.0,"[0, 0, 1, 1, 1, 1]",1R0,True,0,0,1,1,1,1
1063,2023.0,1.0,6459944494c9f2071335bce5_R,R,0.0,20221207.0,"[1, 1, 1, 1, 1, 1]",1R0,True,1,1,1,1,1,1
1064,2023.0,1.0,6459944594c9f2071335bcf5_R,R,0.0,20221207.0,"[1, 0, 0, 0, 1, 0]",1R0,True,1,0,0,0,1,0
1065,2023.0,1.0,6459944694c9f2071335bcf9_R,R,0.0,20221207.0,"[0, 1, 0, 1, 1, 1]",1R0,True,0,1,0,1,1,1
1067,2023.0,1.0,6459944694c9f2071335bd01_R,R,0.0,20221207.0,"[1, 1, 1, 1, 1, 1]",1R0,True,1,1,1,1,1,1
1069,2023.0,1.0,6459944794c9f2071335bd0d_R,R,0.0,20221207.0,"[0, 1, 1, 0, 1, 0]",1R0,True,0,1,1,0,1,0
1070,2023.0,1.0,6459944894c9f2071335bd11_R,R,0.0,20221207.0,"[1, 1, 1, 0, 1, 1]",1R0,True,1,1,1,0,1,1
1071,2023.0,1.0,6459944994c9f2071335bd1d_R,R,0.0,20221207.0,"[1, 1, 0, 1, 1, 0]",1R0,True,1,1,0,1,1,0
1072,2023.0,1.0,6459944a94c9f2071335bd29_R,R,0.0,20221207.0,"[0, 0, 0, 0, 1, 1]",1R0,True,0,0,0,0,1,1
1073,2023.0,1.0,6459944a94c9f2071335bd31_R,R,0.0,20221207.0,"[1, 1, 1, 1, 1, 1]",1R0,True,1,1,1,1,1,1
1074,2023.0,1.0,6459944b94c9f2071335bd35_R,R,0.0,20221207.0,"[1, 1, 1, 1, 1, 1]",1R0,True,1,1,1,1,1,1
1075,2023.0,1.0,6459944b94c9f2071335bd39_R,R,0.0,20221207.0,"[1, 1, 1, 1, 1, 1]",1R0,True,1,1,1,1,1,1
1076,2023.0,1.0,6459944b94c9f2071335bd3d_R,R,0.0,20221207.0,"[1, 0, 0, 0, 0, 1]",1R0,True,1,0,0,0,0,1
1077,2023.0,1.0,6459944c94c9f2071335bd45_R,R,0.0,20221207.0,"[1, 1, 1, 1, 1, 1]",1R0,True,1,1,1,1,1,1
1078,2023.0,1.0,6459944c94c9f2071335bd49_R,R,0.0,20221207.0,"[1, 1, 1, 1, 1, 1]",1R0,True,1,1,1,1,1,1
1079,2023.0,1.0,6459944d94c9f2071335bd4d_R,R,0.0,20221207.0,"[1, 1, 1, 1, 1, 1]",1R0,True,1,1,1,1,1,1
1080,2023.0,1.0,6459944d94c9f2071335bd51_R,R,0.0,20221207.0,"[1, 1, 1, 1, 1, 1]",1R0,True,1,1,1,1,1,1
1081,2023.0,1.0,6459944d94c9f2071335bd55_R,R,0.0,20221207.0,"[1, 1, 1, 1, 1, 1]",1R0,True,1,1,1,1,1,1
1082,2023.0,1.0,6459944e94c9f2071335bd5d_R,R,0.0,20221207.0,"[1, 1, 1, 1, 1, 1]",1R0,True,1,1,1,1,1,1
1083,2023.0,1.0,6459944e94c9f2071335bd61_R,R,0.0,20221207.0,"[1, 1, 0, 1, 1, 1]",1R0,True,1,1,0,1,1,1
1085,2023.0,1.0,6459944f94c9f2071335bd71_R,R,0.0,20221207.0,"[1, 1, 0, 1, 1, 1]",1R0,True,1,1,0,1,1,1
1086,2023.0,1.0,6459945094c9f2071335bd75_R,R,0.0,20221207.0,"[1, 0, 1, 1, 1, 1]",1R0,True,1,0,1,1,1,1
1087,2023.0,1.0,6459945094c9f2071335bd79_R,R,0.0,20221207.0,"[1, 0, 0, 0, 1, 0]",1R0,True,1,0,0,0,1,0
1088,2023.0,1.0,6459945194c9f2071335bd85_R,R,0.0,20221207.0,"[1, 0, 1, 0, 1, 1]",1R0,True,1,0,1,0,1,1
1089,2023.0,1.0,6459945194c9f2071335bd89_R,R,0.0,20221207.0,"[0, 0, 0, 0, 0, 0]",1R0,True,0,0,0,0,0,0
1091,2023.0,1.0,6459945394c9f2071335bda1_R,R,0.0,20221207.0,"[1, 1, 1, 1, 1, 1]",1R0,True,1,1,1,1,1,1
1092,2023.0,1.0,6459945494c9f2071335bda9_R,R,0.0,20221207.0,"[1, 0, 1, 0, 1, 1]",1R0,True,1,0,1,0,1,1
1093,2023.0,1.0,6459945494c9f2071335bdb1_R,R,0.0,20221207.0,"[1, 1, 0, 1, 1, 1]",1R0,True,1,1,0,1,1,1
1094,2023.0,1.0,6459945594c9f2071335bdb9_R,R,0.0,20221207.0,"[1, 1, 1, 1, 1, 1]",1R0,True,1,1,1,1,1,1
1096,2023.0,1.0,6459945694c9f2071335bdc5_R,R,0.0,20221207.0,"[0, 1, 0, 1, 1, 1]",1R0,True,0,1,0,1,1,1
1097,2023.0,1.0,6459945694c9f2071335bdc9_R,R,0.0,20221207.0,"[1, 1, 1, 1, 1, 1]",1R0,True,1,1,1,1,1,1
1098,2023.0,1.0,6459945694c9f2071335bdcd_R,R,0.0,20221207.0,"[1, 1, 1, 0, 1, 1]",1R0,True,1,1,1,0,1,1
1099,2023.0,1.0,6459945794c9f2071335bdd1_R,R,0.0,20221207.0,"[1, 1, 1, 1, 1, 1]",1R0,True,1,1,1,1,1,1
1100,2023.0,1.0,6459945794c9f2071335bdd5_R,R,0.0,20221207.0,"[0, 1, 1, 0, 1, 1]",1R0,True,0,1,1,0,1,1
1101,2023.0,1.0,6459945994c9f2071335bde9_R,R,0.0,20221207.0,"[1, 1, 1, 1, 1, 1]",1R0,True,1,1,1,1,1,1
1102,2023.0,1.0,6459945994c9f2071335bded_R,R,0.0,20221207.0,"[1, 0, 0, 1, 1, 1]",1R0,True,1,0,0,1,1,1
1103,2023.0,1.0,645995fd94c9f2071336163c_R,R,0.0,20221207.0,"[0, 0, 0, 0, 1, 0]",1R0,True,0,0,0,0,1,0
1104,2023.0,1.0,645995ff94c9f20713361650_R,R,0.0,20221207.0,"[1, 1, 1, 1, 1, 1]",1R0,True,1,1,1,1,1,1
1105,2023.0,1.0,645995ff94c9f20713361654_R,R,0.0,20221207.0,"[0, 0, 0, 0, 1, 1]",1R0,True,0,0,0,0,1,1
1106,2023.0,1.0,6459960294c9f20713361674_R,R,0.0,20221207.0,"[1, 1, 1, 1, 1, 1]",1R0,True,1,1,1,1,1,1
1107,2023.0,1.0,6459960494c9f20713361690_R,R,0.0,20221207.0,"[1, 1, 0, 1, 1, 1]",1R0,True,1,1,0,1,1,1
1108,2023.0,1.0,6459960494c9f20713361694_R,R,0.0,20221207.0,"[1, 0, 0, 0, 1, 0]",1R0,True,1,0,0,0,1,0
1109,2023.0,1.0,6459960594c9f20713361698_R,R,0.0,20221207.0,"[0, 0, 0, 1, 1, 1]",1R0,True,0,0,0,1,1,1
1111,2023.0,1.0,6459960b94c9f207133616dc_R,R,0.0,20221207.0,"[0, 1, 0, 1, 0, 0]",1R0,True,0,1,0,1,0,0
1112,2023.0,1.0,6459960d94c9f207133616ec_R,R,0.0,20221207.0,"[1, 1, 1, 1, 1, 1]",1R0,True,1,1,1,1,1,1
1114,2023.0,1.0,6459960e94c9f207133616fc_R,R,0.0,20221207.0,"[1, 1, 1, 0, 1, 1]",1R0,True,1,1,1,0,1,1
1115,2023.0,1.0,6459960f94c9f2071336170c_R,R,0.0,20221207.0,"[1, 1, 1, 1, 1, 1]",1R0,True,1,1,1,1,1,1
1116,2023.0,1.0,6459961294c9f20713361728_R,R,0.0,20221207.0,"[1, 1, 0, 1, 1, 1]",1R0,True,1,1,0,1,1,1
1117,2023.0,1.0,6459961394c9f20713361738_R,R,0.0,20221207.0,"[1, 1, 0, 0, 1, 1]",1R0,True,1,1,0,0,1,1
1118,2023.0,1.0,6459961394c9f20713361740_R,R,0.0,20221207.0,"[1, 1, 0, 1, 1, 1]",1R0,True,1,1,0,1,1,1
1119,2023.0,1.0,6459961594c9f20713361758_R,R,0.0,20221207.0,"[1, 0, 1, 1, 1, 1]",1R0,True,1,0,1,1,1,1
1120,2023.0,1.0,6459961694c9f20713361768_R,R,0.0,20221207.0,"[1, 1, 1, 1, 1, 1]",1R0,True,1,1,1,1,1,1
1121,2023.0,1.0,6459961794c9f20713361774_R,R,0.0,20221207.0,"[1, 1, 1, 1, 1, 1]",1R0,True,1,1,1,1,1,1
1123,2023.0,1.0,644f323cf57bcd3970557765_R,R,0.0,20221207.0,"[0, 0, 1, 1, 1, 1]",1R0,True,0,0,1,1,1,1
1124,2023.0,1.0,644f323ef57bcd3970557779_R,R,0.0,20221207.0,"[0, 0, 1, 0, 1, 1]",1R0,True,0,0,1,0,1,1
1125,2023.0,1.0,644f323ef57bcd397055777d_R,R,0.0,20221207.0,"[1, 1, 0, 0, 1, 1]",1R0,True,1,1,0,0,1,1
1126,2023.0,1.0,644f323ff57bcd3970557785_R,R,0.0,20221207.0,"[0, 0, 1, 1, 1, 1]",1R0,True,0,0,1,1,1,1
1127,2023.0,1.0,644f3240f57bcd3970557791_R,R,0.0,20221207.0,"[1, 0, 0, 1, 1, 1]",1R0,True,1,0,0,1,1,1
1128,2023.0,1.0,644f3241f57bcd39705577a1_R,R,0.0,20221207.0,"[1, 1, 1, 1, 1, 1]",1R0,True,1,1,1,1,1,1
1130,2023.0,1.0,644f3242f57bcd39705577ad_R,R,0.0,20221207.0,"[0, 0, 1, 0, 1, 1]",1R0,True,0,0,1,0,1,1
1131,2023.0,1.0,644f3243f57bcd39705577bd_R,R,0.0,20221207.0,"[0, 0, 1, 1, 1, 1]",1R0,True,0,0,1,1,1,1
1132,2023.0,1.0,644f3244f57bcd39705577c5_R,R,0.0,20221207.0,"[1, 1, 0, 1, 1, 1]",1R0,True,1,1,0,1,1,1
1133,2023.0,1.0,644f3244f57bcd39705577c9_R,R,0.0,20221207.0,"[0, 0, 0, 0, 1, 0]",1R0,True,0,0,0,0,1,0
1134,2023.0,1.0,644f3247f57bcd39705577f1_R,R,0.0,20221207.0,"[1, 1, 1, 1, 1, 1]",1R0,True,1,1,1,1,1,1
1135,2023.0,1.0,644f3249f57bcd3970557801_R,R,0.0,20221207.0,"[0, 1, 0, 1, 1, 0]",1R0,True,0,1,0,1,1,0
1136,2023.0,1.0,644f324af57bcd3970557805_R,R,0.0,20221207.0,"[1, 0, 0, 1, 1, 0]",1R0,True,1,0,0,1,1,0
1137,2023.0,1.0,644f324af57bcd3970557809_R,R,0.0,20221207.0,"[0, 0, 0, 0, 1, 1]",1R0,True,0,0,0,0,1,1
1138,2023.0,1.0,644f324af57bcd397055780d_R,R,0.0,20221207.0,"[1, 1, 0, 0, 1, 1]",1R0,True,1,1,0,0,1,1
1139,2023.0,1.0,644f324bf57bcd3970557811_R,R,0.0,20221207.0,"[1, 1, 1, 1, 1, 1]",1R0,True,1,1,1,1,1,1
1140,2023.0,1.0,644f324bf57bcd3970557815_R,R,0.0,20221207.0,"[1, 1, 0, 0, 1, 0]",1R0,True,1,1,0,0,1,0
1141,2023.0,1.0,644f324bf57bcd3970557819_R,R,0.0,20221207.0,"[1, 0, 1, 1, 1, 1]",1R0,True,1,0,1,1,1,1
1142,2023.0,1.0,644f324cf57bcd397055781d_R,R,0.0,20221207.0,"[1, 1, 1, 1, 1, 1]",1R0,True,1,1,1,1,1,1
1143,2023.0,1.0,644f324cf57bcd3970557825_R,R,0.0,20221207.0,"[0, 0, 0, 0, 0, 1]",1R0,True,0,0,0,0,0,1
1144,2023.0,1.0,644f324df57bcd3970557829_R,R,0.0,20221207.0,"[1, 1, 1, 1, 1, 1]",1R0,True,1,1,1,1,1,1
1145,2023.0,1.0,644f324df57bcd397055782d_R,R,0.0,20221207.0,"[1, 0, 0, 1, 1, 1]",1R0,True,1,0,0,1,1,1
1146,2023.0,1.0,644f324df57bcd3970557831_R,R,0.0,20221207.0,"[1, 1, 1, 1, 1, 1]",1R0,True,1,1,1,1,1,1
1147,2023.0,1.0,644f324ef57bcd3970557835_R,R,0.0,20221207.0,"[0, 0, 0, 0, 1, 0]",1R0,True,0,0,0,0,1,0
1148,2023.0,1.0,644f324ff57bcd3970557841_R,R,0.0,20221207.0,"[1, 0, 1, 0, 1, 0]",1R0,True,1,0,1,0,1,0
1149,2023.0,1.0,644f324ff57bcd3970557845_R,R,0.0,20221207.0,"[1, 1, 1, 0, 1, 1]",1R0,True,1,1,1,0,1,1
1150,2023.0,1.0,644f3250f57bcd397055784d_R,R,0.0,20221207.0,"[1, 1, 0, 0, 1, 1]",1R0,True,1,1,0,0,1,1
1151,2023.0,1.0,644f3250f57bcd3970557851_R,R,0.0,20221207.0,"[0, 1, 0, 0, 1, 1]",1R0,True,0,1,0,0,1,1
1152,2023.0,1.0,644f3250f57bcd3970557855_R,R,0.0,20221207.0,"[1, 1, 0, 0, 1, 0]",1R0,True,1,1,0,0,1,0
1154,2023.0,1.0,644f3251f57bcd3970557861_R,R,0.0,20221207.0,"[0, 1, 0, 1, 1, 1]",1R0,True,0,1,0,1,1,1
1155,2023.0,1.0,644f3251f57bcd3970557865_R,R,0.0,20221207.0,"[1, 1, 0, 0, 1, 1]",1R0,True,1,1,0,0,1,1
1156,2023.0,1.0,644f3252f57bcd3970557871_R,R,0.0,20221207.0,"[1, 1, 0, 0, 1, 1]",1R0,True,1,1,0,0,1,1
1157,2023.0,1.0,644f3253f57bcd3970557875_R,R,0.0,20221207.0,"[0, 0, 0, 0, 1, 0]",1R0,True,0,0,0,0,1,0
1158,2023.0,1.0,644f3253f57bcd3970557879_R,R,0.0,20221207.0,"[0, 0, 1, 0, 1, 1]",1R0,True,0,0,1,0,1,1
1159,2023.0,1.0,644f3254f57bcd3970557885_R,R,0.0,20221207.0,"[0, 0, 0, 0, 1, 1]",1R0,True,0,0,0,0,1,1
1160,2023.0,1.0,644f3255f57bcd3970557891_R,R,0.0,20221207.0,"[1, 0, 1, 1, 1, 1]",1R0,True,1,0,1,1,1,1
1161,2023.0,1.0,644f3255f57bcd3970557899_R,R,0.0,20221207.0,"[0, 1, 0, 0, 1, 1]",1R0,True,0,1,0,0,1,1
1162,2023.0,1.0,644f3257f57bcd39705578a5_R,R,0.0,20221207.0,"[0, 1, 0, 1, 1, 0]",1R0,True,0,1,0,1,1,0
